latitude,longitude,altitude,origin point,rotation angle,mirrored,closed
37.001202,-86.366096,172.7,1,210,0,0
37.001202,-86.366096,172.7,,,,
37.001202,-86.366096,172.7,,,,
37.001202,-86.366096,172.7,,,,
37.001202,-86.366096,172.7,,,,
37.001202,-86.366096,172.7,,,,
37.001202,-86.366096,172.7,,,,
37.001202,-86.366096,172.7,,,,
37.001202,-86.366096,172.7,,,,
37.001202,-86.366096,172.7,,,,
37.001202,-86.366096,172.7,,,,
37.001202,-86.366096,172.7,,,,
37.001202,-86.366096,172.7,,,,
37.001202,-86.366096,172.7,,,,
37.001202,-86.366096,172.7,,,,
37.001202,-86.366096,172.7,,,,
37.001202,-86.366096,172.7,,,,
37.001202,-86.366096,172.7,,,,
37.001202,-86.366096,172.7,,,,
37.001202,-86.366096,172.7,,,,
37.001202,-86.366096,172.7,,,,
37.001202,-86.366096,172.7,,,,
37.001202,-86.366096,172.7,,,,
37.001202,-86.366096,172.7,,,,
37.001202,-86.366096,172.7,,,,
37.001202,-86.366096,172.7,,,,
37.001202,-86.366096,172.7,,,,
37.001202,-86.366096,172.7,,,,
37.001202,-86.366096,172.7,,,,
37.001202,-86.366096,172.7,,,,
37.001205,-86.366096,170.8,,,,
37.001205,-86.366096,170.8,,,,
37.001205,-86.366096,170.8,,,,
37.001205,-86.366096,170.8,,,,
37.001205,-86.366096,170.8,,,,
37.001205,-86.366096,170.8,,,,
37.001205,-86.366096,170.8,,,,
37.001205,-86.366096,170.8,,,,
37.001205,-86.366096,170.8,,,,
37.001205,-86.366096,170.8,,,,
37.001205,-86.366096,170.8,,,,
37.001205,-86.366096,170.8,,,,
37.001205,-86.366096,170.8,,,,
37.001205,-86.366096,170.8,,,,
37.001205,-86.366096,170.8,,,,
37.001205,-86.366096,170.8,,,,
37.001205,-86.366104,170.8,,,,
37.001205,-86.366104,170.8,,,,
37.001205,-86.366104,170.8,,,,
37.001205,-86.366104,170.8,,,,
37.001202,-86.366104,170.7,,,,
37.001202,-86.366104,170.7,,,,
37.001202,-86.366104,170.7,,,,
37.001202,-86.366104,170.7,,,,
37.001202,-86.366104,170.8,,,,
37.001202,-86.366104,170.8,,,,
37.001198,-86.366112,170.7,,,,
37.001198,-86.366112,170.7,,,,
37.001198,-86.366112,170.7,,,,
37.001198,-86.366112,170.7,,,,
37.001198,-86.366112,170.7,,,,
37.001198,-86.366112,170.7,,,,
37.001194,-86.366119,170.7,,,,
37.001194,-86.366119,170.7,,,,
37.001194,-86.366119,170.7,,,,
37.001194,-86.366119,170.7,,,,
37.001194,-86.366119,170.7,,,,
37.001194,-86.366119,170.7,,,,
37.00119,-86.366127,170.7,,,,
37.00119,-86.366127,170.7,,,,
37.00119,-86.366127,170.7,,,,
37.00119,-86.366127,170.7,,,,
37.001186,-86.366127,170.7,,,,
37.001186,-86.366127,170.7,,,,
37.001186,-86.366135,170.7,,,,
37.001186,-86.366135,170.7,,,,
37.001183,-86.366135,170.7,,,,
37.001183,-86.366135,170.7,,,,
37.001183,-86.366142,170.7,,,,
37.001183,-86.366142,170.7,,,,
37.001183,-86.366142,170.7,,,,
37.001183,-86.366142,170.7,,,,
37.001179,-86.366142,170.7,,,,
37.001179,-86.366142,170.7,,,,
37.001179,-86.366142,170.6,,,,
37.001179,-86.366142,170.6,,,,
37.001175,-86.366142,170.6,,,,
37.001175,-86.366142,170.6,,,,
37.001171,-86.36615,170.6,,,,
37.001171,-86.36615,170.6,,,,
37.001171,-86.36615,170.6,,,,
37.001171,-86.36615,170.6,,,,
37.001167,-86.366158,170.6,,,,
37.001167,-86.366158,170.6,,,,
37.001163,-86.366165,170.6,,,,
37.001163,-86.366165,170.6,,,,
37.001163,-86.366165,170.6,,,,
37.001163,-86.366165,170.6,,,,
37.00116,-86.366173,170.6,,,,
37.00116,-86.366173,170.6,,,,
37.001156,-86.366173,170.6,,,,
37.001156,-86.366173,170.6,,,,
37.001152,-86.36618,170.6,,,,
37.001152,-86.36618,170.6,,,,
37.001152,-86.36618,170.6,,,,
37.001152,-86.36618,170.6,,,,
37.001144,-86.36618,170.6,,,,
37.001144,-86.36618,170.6,,,,
37.001144,-86.366188,170.6,,,,
37.001144,-86.366188,170.6,,,,
37.001141,-86.366188,170.6,,,,
37.001141,-86.366188,170.6,,,,
37.001137,-86.366196,170.6,,,,
37.001137,-86.366196,170.6,,,,
37.001133,-86.366203,170.6,,,,
37.001133,-86.366203,170.6,,,,
37.001129,-86.366211,170.6,,,,
37.001129,-86.366211,170.6,,,,
37.001125,-86.366211,170.6,,,,
37.001125,-86.366211,170.6,,,,
37.001125,-86.366219,170.6,,,,
37.001125,-86.366219,170.6,,,,
37.001122,-86.366219,170.5,,,,
37.001122,-86.366219,170.5,,,,
37.001118,-86.366226,170.5,,,,
37.001118,-86.366226,170.5,,,,
37.00111,-86.366234,170.5,,,,
37.00111,-86.366234,170.5,,,,
37.001106,-86.366234,170.5,,,,
37.001106,-86.366234,170.5,,,,
37.001106,-86.366241,170.5,,,,
37.001106,-86.366241,170.5,,,,
37.001102,-86.366249,170.5,,,,
37.001102,-86.366249,170.5,,,,
37.001099,-86.366257,170.5,,,,
37.001099,-86.366257,170.5,,,,
37.001095,-86.366257,170.5,,,,
37.001095,-86.366257,170.5,,,,
37.001091,-86.366264,170.5,,,,
37.001091,-86.366264,170.5,,,,
37.001091,-86.366264,170.5,,,,
37.001091,-86.366264,170.5,,,,
37.001091,-86.366264,170.5,,,,
37.001091,-86.366264,170.5,,,,
37.001087,-86.366272,170.5,,,,
37.001087,-86.366272,170.5,,,,
37.00108,-86.366295,170.4,,,,
37.00108,-86.366295,170.4,,,,
37.001076,-86.366295,170.4,,,,
37.001076,-86.366295,170.4,,,,
37.001072,-86.366302,170.5,,,,
37.001072,-86.366302,170.5,,,,
37.001068,-86.36631,170.5,,,,
37.001068,-86.36631,170.5,,,,
37.001064,-86.366318,170.4,,,,
37.001064,-86.366318,170.4,,,,
37.001064,-86.366325,170.4,,,,
37.001064,-86.366325,170.4,,,,
37.00106,-86.366333,170.4,,,,
37.00106,-86.366333,170.4,,,,
37.00106,-86.366341,170.4,,,,
37.00106,-86.366341,170.4,,,,
37.001057,-86.366341,170.4,,,,
37.001057,-86.366341,170.4,,,,
37.001053,-86.366348,170.4,,,,
37.001053,-86.366348,170.4,,,,
37.001049,-86.366356,170.4,,,,
37.001049,-86.366356,170.4,,,,
37.001049,-86.366356,170.4,,,,
37.001049,-86.366356,170.4,,,,
37.001049,-86.366356,170.4,,,,
37.001049,-86.366356,170.4,,,,
37.001045,-86.366379,170.4,,,,
37.001045,-86.366379,170.4,,,,
37.001041,-86.366379,170.4,,,,
37.001041,-86.366379,170.4,,,,
37.001041,-86.366386,170.4,,,,
37.001041,-86.366386,170.4,,,,
37.001038,-86.366394,170.4,,,,
37.001038,-86.366394,170.4,,,,
37.001038,-86.366402,170.4,,,,
37.001038,-86.366402,170.4,,,,
37.001034,-86.366409,170.4,,,,
37.001034,-86.366409,170.4,,,,
37.00103,-86.366417,170.4,,,,
37.00103,-86.366417,170.4,,,,
37.001026,-86.366417,170.4,,,,
37.001026,-86.366417,170.4,,,,
37.001026,-86.366432,170.4,,,,
37.001026,-86.366432,170.4,,,,
37.001026,-86.36644,170.4,,,,
37.001026,-86.36644,170.4,,,,
37.001022,-86.366447,170.4,,,,
37.001022,-86.366447,170.4,,,,
37.001019,-86.366455,170.4,,,,
37.001019,-86.366455,170.4,,,,
37.001019,-86.366455,170.4,,,,
37.001019,-86.366455,170.4,,,,
37.001015,-86.366463,170.4,,,,
37.001015,-86.366463,170.4,,,,
37.001011,-86.36647,170.4,,,,
37.001011,-86.36647,170.4,,,,
37.001007,-86.366478,170.4,,,,
37.001007,-86.366478,170.4,,,,
37.001007,-86.366493,170.4,,,,
37.001007,-86.366493,170.4,,,,
37.001003,-86.366493,170.4,,,,
37.001003,-86.366493,170.4,,,,
37.000999,-86.366501,170.4,,,,
37.000999,-86.366501,170.4,,,,
37.000992,-86.366508,170.4,,,,
37.000992,-86.366508,170.4,,,,
37.000988,-86.366516,170.4,,,,
37.000988,-86.366516,170.4,,,,
37.000984,-86.366524,170.4,,,,
37.000984,-86.366524,170.4,,,,
37.000984,-86.366531,170.4,,,,
37.000984,-86.366531,170.4,,,,
37.000977,-86.366539,170.5,,,,
37.000977,-86.366539,170.5,,,,
37.000973,-86.366547,170.5,,,,
37.000973,-86.366547,170.5,,,,
37.000969,-86.366554,170.5,,,,
37.000969,-86.366554,170.5,,,,
37.000965,-86.366562,170.5,,,,
37.000965,-86.366562,170.5,,,,
37.000961,-86.36657,170.5,,,,
37.000961,-86.36657,170.5,,,,
37.000961,-86.36657,170.5,,,,
37.000961,-86.36657,170.5,,,,
37.000957,-86.366577,170.5,,,,
37.000957,-86.366577,170.5,,,,
37.000946,-86.366585,170.5,,,,
37.000946,-86.366585,170.5,,,,
37.000942,-86.366592,170.5,,,,
37.000942,-86.366592,170.5,,,,
37.000938,-86.3666,170.5,,,,
37.000938,-86.3666,170.5,,,,
37.000935,-86.366608,170.5,,,,
37.000935,-86.366608,170.5,,,,
37.000927,-86.366615,170.6,,,,
37.000927,-86.366615,170.6,,,,
37.000923,-86.366615,170.6,,,,
37.000923,-86.366615,170.6,,,,
37.000919,-86.366623,170.6,,,,
37.000919,-86.366623,170.6,,,,
37.000912,-86.366631,170.6,,,,
37.000912,-86.366631,170.6,,,,
37.000908,-86.366638,170.6,,,,
37.000908,-86.366638,170.6,,,,
37.000904,-86.366646,170.6,,,,
37.000904,-86.366646,170.6,,,,
37.000896,-86.366653,170.6,,,,
37.000896,-86.366653,170.6,,,,
37.000893,-86.366653,170.6,,,,
37.000893,-86.366653,170.6,,,,
37.000885,-86.366653,170.6,,,,
37.000885,-86.366653,170.6,,,,
37.000881,-86.366661,170.6,,,,
37.000881,-86.366661,170.6,,,,
37.000877,-86.366669,170.6,,,,
37.000877,-86.366669,170.6,,,,
37.00087,-86.366676,170.6,,,,
37.00087,-86.366676,170.6,,,,
37.000866,-86.366684,170.6,,,,
37.000866,-86.366684,170.6,,,,
37.000858,-86.366684,170.6,,,,
37.000858,-86.366684,170.6,,,,
37.000851,-86.366692,170.6,,,,
37.000851,-86.366692,170.6,,,,
37.000847,-86.366699,170.6,,,,
37.000847,-86.366699,170.6,,,,
37.000843,-86.366699,170.6,,,,
37.000843,-86.366699,170.6,,,,
37.000835,-86.366699,170.6,,,,
37.000835,-86.366699,170.6,,,,
37.000828,-86.366707,170.6,,,,
37.000828,-86.366707,170.6,,,,
37.000828,-86.366707,170.6,,,,
37.000828,-86.366707,170.6,,,,
37.00082,-86.366714,170.6,,,,
37.00082,-86.366714,170.6,,,,
37.000813,-86.366714,170.6,,,,
37.000813,-86.366714,170.6,,,,
37.000809,-86.366722,170.6,,,,
37.000809,-86.366722,170.6,,,,
37.000801,-86.366722,170.7,,,,
37.000801,-86.366722,170.7,,,,
37.000797,-86.366722,170.7,,,,
37.000797,-86.366722,170.7,,,,
37.00079,-86.36673,170.7,,,,
37.00079,-86.36673,170.7,,,,
37.000786,-86.36673,170.7,,,,
37.000786,-86.36673,170.7,,,,
37.000778,-86.36673,170.7,,,,
37.000778,-86.36673,170.7,,,,
37.000771,-86.366737,170.7,,,,
37.000771,-86.366737,170.7,,,,
37.000767,-86.366737,170.7,,,,
37.000767,-86.366737,170.7,,,,
37.000763,-86.366737,170.8,,,,
37.000763,-86.366737,170.8,,,,
37.000755,-86.366737,170.7,,,,
37.000755,-86.366737,170.7,,,,
37.000748,-86.366737,170.7,,,,
37.000748,-86.366737,170.7,,,,
37.000748,-86.366737,170.7,,,,
37.000748,-86.366737,170.7,,,,
37.00074,-86.366737,170.7,,,,
37.00074,-86.366737,170.7,,,,
37.000732,-86.366737,170.7,,,,
37.000732,-86.366737,170.7,,,,
37.000729,-86.366737,170.7,,,,
37.000729,-86.366737,170.7,,,,
37.000725,-86.366737,170.7,,,,
37.000725,-86.366737,170.7,,,,
37.000717,-86.366737,170.7,,,,
37.000717,-86.366737,170.7,,,,
37.00071,-86.366737,170.7,,,,
37.00071,-86.366737,170.7,,,,
37.00071,-86.366737,170.7,,,,
37.00071,-86.366737,170.7,,,,
37.000702,-86.36673,170.7,,,,
37.000702,-86.36673,170.7,,,,
37.000698,-86.36673,170.7,,,,
37.000698,-86.36673,170.7,,,,
37.00069,-86.36673,170.7,,,,
37.00069,-86.36673,170.7,,,,
37.000687,-86.36673,170.7,,,,
37.000687,-86.36673,170.7,,,,
37.000683,-86.366722,170.7,,,,
37.000683,-86.366722,170.7,,,,
37.000675,-86.366722,170.8,,,,
37.000675,-86.366722,170.8,,,,
37.000671,-86.366714,170.7,,,,
37.000671,-86.366714,170.7,,,,
37.000668,-86.366714,170.7,,,,
37.000668,-86.366714,170.7,,,,
37.000664,-86.366714,170.8,,,,
37.000664,-86.366714,170.8,,,,
37.00066,-86.366707,170.8,,,,
37.00066,-86.366707,170.8,,,,
37.000656,-86.366707,170.8,,,,
37.000656,-86.366707,170.8,,,,
37.000648,-86.366699,170.8,,,,
37.000648,-86.366699,170.8,,,,
37.000648,-86.366699,170.8,,,,
37.000648,-86.366699,170.8,,,,
37.000645,-86.366699,170.8,,,,
37.000645,-86.366699,170.8,,,,
37.000641,-86.366692,170.8,,,,
37.000641,-86.366692,170.8,,,,
37.000637,-86.366684,170.8,,,,
37.000637,-86.366684,170.8,,,,
37.000633,-86.366684,170.8,,,,
37.000633,-86.366684,170.8,,,,
37.000629,-86.366676,170.8,,,,
37.000629,-86.366676,170.8,,,,
37.000629,-86.366669,170.7,,,,
37.000629,-86.366669,170.7,,,,
37.000626,-86.366669,170.8,,,,
37.000626,-86.366669,170.8,,,,
37.000622,-86.366661,170.8,,,,
37.000622,-86.366661,170.8,,,,
37.000618,-86.366653,170.8,,,,
37.000618,-86.366653,170.8,,,,
37.000618,-86.366653,170.8,,,,
37.000618,-86.366653,170.8,,,,
37.000614,-86.366653,170.8,,,,
37.000614,-86.366653,170.8,,,,
37.00061,-86.366646,170.8,,,,
37.00061,-86.366646,170.8,,,,
37.00061,-86.366638,170.8,,,,
37.00061,-86.366638,170.8,,,,
37.000607,-86.366631,170.9,,,,
37.000607,-86.366631,170.9,,,,
37.000607,-86.366631,170.9,,,,
37.000607,-86.366631,170.9,,,,
37.000607,-86.366623,170.9,,,,
37.000607,-86.366623,170.9,,,,
37.000607,-86.366615,170.9,,,,
37.000607,-86.366615,170.9,,,,
37.000603,-86.366615,170.9,,,,
37.000603,-86.366615,170.9,,,,
37.000603,-86.366608,170.9,,,,
37.000603,-86.366608,170.9,,,,
37.000603,-86.366608,170.9,,,,
37.000603,-86.366608,170.9,,,,
37.000599,-86.3666,170.9,,,,
37.000599,-86.3666,170.9,,,,
37.000599,-86.366592,170.9,,,,
37.000599,-86.366592,170.9,,,,
37.000599,-86.366585,170.9,,,,
37.000599,-86.366585,170.9,,,,
37.000599,-86.366577,170.9,,,,
37.000599,-86.366577,170.9,,,,
37.000599,-86.366577,170.9,,,,
37.000599,-86.366577,170.9,,,,
37.000599,-86.36657,170.9,,,,
37.000599,-86.36657,170.9,,,,
37.000599,-86.36657,170.9,,,,
37.000599,-86.36657,170.9,,,,
37.000599,-86.366562,170.9,,,,
37.000599,-86.366562,170.9,,,,
37.000599,-86.366554,170.9,,,,
37.000599,-86.366554,170.9,,,,
37.000603,-86.366547,170.9,,,,
37.000603,-86.366547,170.9,,,,
37.000603,-86.366539,170.9,,,,
37.000603,-86.366539,170.9,,,,
37.000603,-86.366539,170.9,,,,
37.000603,-86.366539,170.9,,,,
37.000607,-86.366539,170.9,,,,
37.000607,-86.366539,170.9,,,,
37.000607,-86.366531,170.9,,,,
37.000607,-86.366531,170.9,,,,
37.000607,-86.366524,170.9,,,,
37.000607,-86.366524,170.9,,,,
37.000607,-86.366516,170.9,,,,
37.000607,-86.366516,170.9,,,,
37.00061,-86.366516,170.9,,,,
37.00061,-86.366516,170.9,,,,
37.00061,-86.366508,170.9,,,,
37.00061,-86.366508,170.9,,,,
37.000614,-86.366501,170.9,,,,
37.000614,-86.366501,170.9,,,,
37.000618,-86.366493,170.9,,,,
37.000618,-86.366493,170.9,,,,
37.000622,-86.366493,170.8,,,,
37.000622,-86.366493,170.8,,,,
37.000626,-86.366493,170.8,,,,
37.000626,-86.366493,170.8,,,,
37.000626,-86.366486,170.8,,,,
37.000626,-86.366486,170.8,,,,
37.000629,-86.366478,170.8,,,,
37.000629,-86.366478,170.8,,,,
37.000629,-86.366478,170.8,,,,
37.000629,-86.366478,170.8,,,,
37.000633,-86.36647,170.8,,,,
37.000633,-86.36647,170.8,,,,
37.000637,-86.366463,170.8,,,,
37.000637,-86.366463,170.8,,,,
37.000641,-86.366455,170.8,,,,
37.000641,-86.366455,170.8,,,,
37.000648,-86.366455,170.8,,,,
37.000648,-86.366455,170.8,,,,
37.000648,-86.366455,170.7,,,,
37.000648,-86.366455,170.7,,,,
37.000652,-86.366447,170.7,,,,
37.000652,-86.366447,170.7,,,,
37.000656,-86.36644,170.7,,,,
37.000656,-86.36644,170.7,,,,
37.00066,-86.366432,170.7,,,,
37.00066,-86.366432,170.7,,,,
37.000664,-86.366425,170.7,,,,
37.000664,-86.366425,170.7,,,,
37.000668,-86.366417,170.7,,,,
37.000668,-86.366417,170.7,,,,
37.000668,-86.366417,170.7,,,,
37.000668,-86.366417,170.7,,,,
37.000671,-86.366417,170.7,,,,
37.000671,-86.366417,170.7,,,,
37.000675,-86.366409,170.6,,,,
37.000675,-86.366409,170.6,,,,
37.000679,-86.366402,170.6,,,,
37.000679,-86.366402,170.6,,,,
37.000683,-86.366394,170.6,,,,
37.000683,-86.366394,170.6,,,,
37.000687,-86.366386,170.6,,,,
37.000687,-86.366386,170.6,,,,
37.000687,-86.366379,170.6,,,,
37.000687,-86.366379,170.6,,,,
37.00069,-86.366379,170.6,,,,
37.00069,-86.366379,170.6,,,,
37.000694,-86.366364,170.6,,,,
37.000694,-86.366364,170.6,,,,
37.000698,-86.366356,170.6,,,,
37.000698,-86.366356,170.6,,,,
37.000702,-86.366348,170.6,,,,
37.000702,-86.366348,170.6,,,,
37.000706,-86.366341,170.6,,,,
37.000706,-86.366341,170.6,,,,
37.00071,-86.366341,170.6,,,,
37.00071,-86.366341,170.6,,,,
37.00071,-86.366333,170.6,,,,
37.00071,-86.366333,170.6,,,,
37.000713,-86.366318,170.7,,,,
37.000713,-86.366318,170.7,,,,
37.000717,-86.36631,170.6,,,,
37.000717,-86.36631,170.6,,,,
37.000721,-86.366302,170.7,,,,
37.000721,-86.366302,170.7,,,,
37.000725,-86.366295,170.7,,,,
37.000725,-86.366295,170.7,,,,
37.000729,-86.366295,170.7,,,,
37.000729,-86.366295,170.7,,,,
37.000729,-86.366287,170.7,,,,
37.000729,-86.366287,170.7,,,,
37.000736,-86.36628,170.7,,,,
37.000736,-86.36628,170.7,,,,
37.00074,-86.366264,170.7,,,,
37.00074,-86.366264,170.7,,,,
37.000744,-86.366257,170.7,,,,
37.000744,-86.366257,170.7,,,,
37.000748,-86.366257,170.7,,,,
37.000748,-86.366257,170.7,,,,
37.000751,-86.366249,170.7,,,,
37.000751,-86.366249,170.7,,,,
37.000755,-86.366241,170.7,,,,
37.000755,-86.366241,170.7,,,,
37.000759,-86.366241,170.7,,,,
37.000759,-86.366241,170.7,,,,
37.000763,-86.366234,170.7,,,,
37.000763,-86.366234,170.7,,,,
37.000767,-86.366226,170.7,,,,
37.000767,-86.366226,170.7,,,,
37.000771,-86.366219,170.7,,,,
37.000771,-86.366219,170.7,,,,
37.000778,-86.366219,170.7,,,,
37.000778,-86.366219,170.7,,,,
37.000782,-86.366211,170.7,,,,
37.000782,-86.366211,170.7,,,,
37.000786,-86.366211,170.7,,,,
37.000786,-86.366211,170.7,,,,
37.00079,-86.366203,170.7,,,,
37.00079,-86.366203,170.7,,,,
37.000793,-86.366196,170.8,,,,
37.000793,-86.366196,170.8,,,,
37.000801,-86.366196,170.8,,,,
37.000801,-86.366196,170.8,,,,
37.000805,-86.366188,170.8,,,,
37.000805,-86.366188,170.8,,,,
37.000809,-86.36618,170.8,,,,
37.000809,-86.36618,170.8,,,,
37.000813,-86.36618,170.8,,,,
37.000813,-86.36618,170.8,,,,
37.00082,-86.36618,170.8,,,,
37.00082,-86.36618,170.8,,,,
37.000828,-86.36618,170.8,,,,
37.000828,-86.36618,170.8,,,,
37.000828,-86.36618,170.8,,,,
37.000828,-86.36618,170.8,,,,
37.000835,-86.366173,170.8,,,,
37.000835,-86.366173,170.8,,,,
37.000839,-86.366173,170.8,,,,
37.000839,-86.366173,170.8,,,,
37.000847,-86.366173,170.8,,,,
37.000847,-86.366173,170.8,,,,
37.000851,-86.366165,170.8,,,,
37.000851,-86.366165,170.8,,,,
37.000854,-86.366165,170.7,,,,
37.000854,-86.366165,170.7,,,,
37.000862,-86.366165,170.7,,,,
37.000862,-86.366165,170.7,,,,
37.000866,-86.366165,170.7,,,,
37.000866,-86.366165,170.7,,,,
37.00087,-86.366165,170.7,,,,
37.00087,-86.366165,170.7,,,,
37.000877,-86.366158,170.7,,,,
37.000877,-86.366158,170.7,,,,
37.000881,-86.366158,170.7,,,,
37.000881,-86.366158,170.7,,,,
37.000885,-86.366158,170.7,,,,
37.000885,-86.366158,170.7,,,,
37.000889,-86.366158,170.6,,,,
37.000889,-86.366158,170.6,,,,
37.000896,-86.366165,170.6,,,,
37.000896,-86.366165,170.6,,,,
37.0009,-86.366165,170.6,,,,
37.0009,-86.366165,170.6,,,,
37.000908,-86.366165,170.6,,,,
37.000908,-86.366165,170.6,,,,
37.000908,-86.366165,170.6,,,,
37.000908,-86.366165,170.6,,,,
37.000916,-86.366165,170.6,,,,
37.000916,-86.366165,170.6,,,,
37.000919,-86.366165,170.7,,,,
37.000919,-86.366165,170.7,,,,
37.000927,-86.366173,170.7,,,,
37.000927,-86.366173,170.7,,,,
37.000927,-86.366173,170.7,,,,
37.000927,-86.366173,170.7,,,,
37.000935,-86.366173,170.7,,,,
37.000935,-86.366173,170.7,,,,
37.000938,-86.366173,170.7,,,,
37.000938,-86.366173,170.7,,,,
37.000942,-86.36618,170.7,,,,
37.000942,-86.36618,170.7,,,,
37.000946,-86.36618,170.7,,,,
37.000946,-86.36618,170.7,,,,
37.00095,-86.36618,170.7,,,,
37.00095,-86.36618,170.7,,,,
37.000954,-86.36618,170.7,,,,
37.000954,-86.36618,170.7,,,,
37.000957,-86.366188,170.7,,,,
37.000957,-86.366188,170.7,,,,
37.000961,-86.366188,170.7,,,,
37.000961,-86.366188,170.7,,,,
37.000965,-86.366196,170.7,,,,
37.000965,-86.366196,170.7,,,,
37.000969,-86.366196,170.7,,,,
37.000969,-86.366196,170.7,,,,
37.000973,-86.366203,170.8,,,,
37.000973,-86.366203,170.8,,,,
37.000977,-86.366203,170.8,,,,
37.000977,-86.366203,170.8,,,,
37.00098,-86.366211,170.8,,,,
37.00098,-86.366211,170.8,,,,
37.000984,-86.366219,170.8,,,,
37.000984,-86.366219,170.8,,,,
37.000984,-86.366219,170.8,,,,
37.000984,-86.366219,170.8,,,,
37.000988,-86.366219,170.8,,,,
37.000988,-86.366219,170.8,,,,
37.000992,-86.366226,170.8,,,,
37.000992,-86.366226,170.8,,,,
37.000992,-86.366234,170.9,,,,
37.000992,-86.366234,170.9,,,,
37.000996,-86.366234,170.9,,,,
37.000996,-86.366234,170.9,,,,
37.000999,-86.366241,170.9,,,,
37.000999,-86.366241,170.9,,,,
37.001003,-86.366249,170.9,,,,
37.001003,-86.366249,170.9,,,,
37.001003,-86.366257,170.9,,,,
37.001003,-86.366257,170.9,,,,
37.001007,-86.366257,171,,,,
37.001007,-86.366257,171,,,,
37.001007,-86.366264,171,,,,
37.001007,-86.366264,171,,,,
37.001007,-86.366264,171,,,,
37.001007,-86.366264,171,,,,
37.001011,-86.366272,171,,,,
37.001011,-86.366272,171,,,,
37.001015,-86.36628,171,,,,
37.001015,-86.36628,171,,,,
37.001015,-86.366287,171,,,,
37.001015,-86.366287,171,,,,
37.001019,-86.366295,171,,,,
37.001019,-86.366295,171,,,,
37.001019,-86.366295,171,,,,
37.001019,-86.366295,171,,,,
37.001019,-86.366302,171,,,,
37.001019,-86.366302,171,,,,
37.001022,-86.36631,171,,,,
37.001022,-86.36631,171,,,,
37.001022,-86.366318,171.1,,,,
37.001022,-86.366318,171.1,,,,
37.001022,-86.366325,171.1,,,,
37.001022,-86.366325,171.1,,,,
37.001022,-86.366341,171.1,,,,
37.001022,-86.366341,171.1,,,,
37.001022,-86.366341,171.1,,,,
37.001022,-86.366341,171.1,,,,
37.001026,-86.366348,171.2,,,,
37.001026,-86.366348,171.2,,,,
37.001026,-86.366356,171.2,,,,
37.001026,-86.366356,171.2,,,,
37.001026,-86.366364,171.2,,,,
37.001026,-86.366364,171.2,,,,
37.001022,-86.366371,171.3,,,,
37.001022,-86.366371,171.3,,,,
37.001022,-86.366379,171.3,,,,
37.001022,-86.366379,171.3,,,,
37.001022,-86.366379,171.3,,,,
37.001022,-86.366379,171.3,,,,
37.001022,-86.366386,171.3,,,,
37.001022,-86.366386,171.3,,,,
37.001022,-86.366402,171.3,,,,
37.001022,-86.366402,171.3,,,,
37.001019,-86.366409,171.3,,,,
37.001019,-86.366409,171.3,,,,
37.001019,-86.366417,171.3,,,,
37.001019,-86.366417,171.3,,,,
37.001019,-86.366417,171.3,,,,
37.001019,-86.366417,171.3,,,,
37.001015,-86.366425,171.3,,,,
37.001015,-86.366425,171.3,,,,
37.001015,-86.36644,171.3,,,,
37.001015,-86.36644,171.3,,,,
37.001011,-86.366447,171.3,,,,
37.001011,-86.366447,171.3,,,,
37.001011,-86.366455,171.2,,,,
37.001011,-86.366455,171.2,,,,
37.001007,-86.366455,171.2,,,,
37.001007,-86.366455,171.2,,,,
37.001007,-86.36647,171.1,,,,
37.001007,-86.36647,171.1,,,,
37.001007,-86.366478,171.1,,,,
37.001007,-86.366478,171.1,,,,
37.001003,-86.366486,171.1,,,,
37.001003,-86.366486,171.1,,,,
37.000999,-86.366493,171.1,,,,
37.000999,-86.366493,171.1,,,,
37.000996,-86.366501,171,,,,
37.000996,-86.366501,171,,,,
37.000992,-86.366508,171,,,,
37.000992,-86.366508,171,,,,
37.000988,-86.366516,170.9,,,,
37.000988,-86.366516,170.9,,,,
37.000984,-86.366524,170.9,,,,
37.000984,-86.366524,170.9,,,,
37.000984,-86.366531,170.9,,,,
37.000984,-86.366531,170.9,,,,
37.00098,-86.366539,170.9,,,,
37.00098,-86.366539,170.9,,,,
37.000977,-86.366539,170.9,,,,
37.000977,-86.366539,170.9,,,,
37.000973,-86.366554,170.9,,,,
37.000973,-86.366554,170.9,,,,
37.000969,-86.366562,170.9,,,,
37.000969,-86.366562,170.9,,,,
37.000965,-86.36657,170.9,,,,
37.000965,-86.36657,170.9,,,,
37.000961,-86.366577,170.9,,,,
37.000961,-86.366577,170.9,,,,
37.000957,-86.366577,170.9,,,,
37.000957,-86.366577,170.9,,,,
37.000954,-86.366585,170.8,,,,
37.000954,-86.366585,170.8,,,,
37.000946,-86.366592,170.8,,,,
37.000946,-86.366592,170.8,,,,
37.000946,-86.3666,170.8,,,,
37.000946,-86.3666,170.8,,,,
37.000938,-86.366608,170.8,,,,
37.000938,-86.366608,170.8,,,,
37.000935,-86.366615,170.8,,,,
37.000935,-86.366615,170.8,,,,
37.000931,-86.366623,170.8,,,,
37.000931,-86.366623,170.8,,,,
37.000927,-86.366631,170.8,,,,
37.000927,-86.366631,170.8,,,,
37.000923,-86.366638,170.7,,,,
37.000923,-86.366638,170.7,,,,
37.000919,-86.366646,170.7,,,,
37.000919,-86.366646,170.7,,,,
37.000912,-86.366653,170.7,,,,
37.000912,-86.366653,170.7,,,,
37.000908,-86.366653,170.7,,,,
37.000908,-86.366653,170.7,,,,
37.000908,-86.366661,170.6,,,,
37.000908,-86.366661,170.6,,,,
37.0009,-86.366669,170.6,,,,
37.0009,-86.366669,170.6,,,,
37.000896,-86.366684,170.6,,,,
37.000896,-86.366684,170.6,,,,
37.000893,-86.366692,170.6,,,,
37.000893,-86.366692,170.6,,,,
37.000885,-86.366699,170.6,,,,
37.000885,-86.366699,170.6,,,,
37.000885,-86.366699,170.5,,,,
37.000885,-86.366699,170.5,,,,
37.000881,-86.366707,170.5,,,,
37.000881,-86.366707,170.5,,,,
37.000877,-86.366722,170.5,,,,
37.000877,-86.366722,170.5,,,,
37.00087,-86.36673,170.5,,,,
37.00087,-86.36673,170.5,,,,
37.000866,-86.366737,170.4,,,,
37.000866,-86.366737,170.4,,,,
37.000866,-86.366737,170.4,,,,
37.000866,-86.366737,170.4,,,,
37.000862,-86.366753,170.4,,,,
37.000862,-86.366753,170.4,,,,
37.000858,-86.36676,170.4,,,,
37.000858,-86.36676,170.4,,,,
37.000854,-86.366768,170.4,,,,
37.000854,-86.366768,170.4,,,,
37.000851,-86.366776,170.4,,,,
37.000851,-86.366776,170.4,,,,
37.000847,-86.366783,170.4,,,,
37.000847,-86.366783,170.4,,,,
37.000847,-86.366798,170.4,,,,
37.000847,-86.366798,170.4,,,,
37.000843,-86.366806,170.4,,,,
37.000843,-86.366806,170.4,,,,
37.000839,-86.366814,170.4,,,,
37.000839,-86.366814,170.4,,,,
37.000835,-86.366821,170.4,,,,
37.000835,-86.366821,170.4,,,,
37.000835,-86.366829,170.4,,,,
37.000835,-86.366829,170.4,,,,
37.000832,-86.366844,170.3,,,,
37.000832,-86.366844,170.3,,,,
37.000828,-86.366852,170.3,,,,
37.000828,-86.366852,170.3,,,,
37.000828,-86.366859,170.3,,,,
37.000828,-86.366859,170.3,,,,
37.000828,-86.366867,170.3,,,,
37.000828,-86.366867,170.3,,,,
37.000824,-86.366882,170.3,,,,
37.000824,-86.366882,170.3,,,,
37.000824,-86.36689,170.2,,,,
37.000824,-86.36689,170.2,,,,
37.00082,-86.366898,170.2,,,,
37.00082,-86.366898,170.2,,,,
37.00082,-86.366913,170.2,,,,
37.00082,-86.366913,170.2,,,,
37.000816,-86.36692,170.1,,,,
37.000816,-86.36692,170.1,,,,
37.000813,-86.366936,170.1,,,,
37.000813,-86.366936,170.1,,,,
37.000813,-86.366936,170.2,,,,
37.000813,-86.366936,170.2,,,,
37.000809,-86.366951,170.2,,,,
37.000809,-86.366951,170.2,,,,
37.000809,-86.366959,170.1,,,,
37.000809,-86.366959,170.1,,,,
37.000809,-86.366974,170.1,,,,
37.000809,-86.366974,170.1,,,,
37.000805,-86.366974,170.1,,,,
37.000805,-86.366974,170.1,,,,
37.000801,-86.366989,170,,,,
37.000801,-86.366989,170,,,,
37.000797,-86.366997,170,,,,
37.000797,-86.366997,170,,,,
37.000793,-86.367012,170,,,,
37.000793,-86.367012,170,,,,
37.00079,-86.367012,170,,,,
37.00079,-86.367012,170,,,,
37.000786,-86.36702,170,,,,
37.000786,-86.36702,170,,,,
37.000786,-86.367035,170,,,,
37.000786,-86.367035,170,,,,
37.000782,-86.367043,169.9,,,,
37.000782,-86.367043,169.9,,,,
37.000774,-86.36705,169.9,,,,
37.000774,-86.36705,169.9,,,,
37.000771,-86.367058,169.9,,,,
37.000771,-86.367058,169.9,,,,
37.000767,-86.367065,169.9,,,,
37.000767,-86.367065,169.9,,,,
37.000763,-86.367081,169.9,,,,
37.000763,-86.367081,169.9,,,,
37.000759,-86.367088,169.9,,,,
37.000759,-86.367088,169.9,,,,
37.000755,-86.367096,169.9,,,,
37.000755,-86.367096,169.9,,,,
37.000748,-86.367096,169.9,,,,
37.000748,-86.367096,169.9,,,,
37.000744,-86.367111,170,,,,
37.000744,-86.367111,170,,,,
37.00074,-86.367119,169.9,,,,
37.00074,-86.367119,169.9,,,,
37.000732,-86.367126,169.9,,,,
37.000732,-86.367126,169.9,,,,
37.000729,-86.367134,169.9,,,,
37.000729,-86.367134,169.9,,,,
37.000725,-86.367134,169.9,,,,
37.000725,-86.367134,169.9,,,,
37.000717,-86.367142,169.9,,,,
37.000717,-86.367142,169.9,,,,
37.00071,-86.367157,169.9,,,,
37.00071,-86.367157,169.9,,,,
37.00071,-86.367165,169.9,,,,
37.00071,-86.367165,169.9,,,,
37.000702,-86.367172,169.9,,,,
37.000702,-86.367172,169.9,,,,
37.000694,-86.367172,169.9,,,,
37.000694,-86.367172,169.9,,,,
37.000687,-86.36718,169.9,,,,
37.000687,-86.36718,169.9,,,,
37.000683,-86.367188,169.9,,,,
37.000683,-86.367188,169.9,,,,
37.000679,-86.367195,169.9,,,,
37.000679,-86.367195,169.9,,,,
37.000671,-86.367203,169.9,,,,
37.000671,-86.367203,169.9,,,,
37.000668,-86.36721,169.9,,,,
37.000668,-86.36721,169.9,,,,
37.00066,-86.36721,169.9,,,,
37.00066,-86.36721,169.9,,,,
37.000656,-86.367226,169.9,,,,
37.000656,-86.367226,169.9,,,,
37.000648,-86.367233,169.9,,,,
37.000648,-86.367233,169.9,,,,
37.000645,-86.367241,169.9,,,,
37.000645,-86.367241,169.9,,,,
37.000641,-86.367249,169.9,,,,
37.000641,-86.367249,169.9,,,,
37.000633,-86.367249,169.9,,,,
37.000633,-86.367249,169.9,,,,
37.000629,-86.367264,169.9,,,,
37.000629,-86.367264,169.9,,,,
37.000626,-86.367271,169.9,,,,
37.000626,-86.367271,169.9,,,,
37.000622,-86.367279,169.9,,,,
37.000622,-86.367279,169.9,,,,
37.000618,-86.367287,170,,,,
37.000618,-86.367287,170,,,,
37.00061,-86.367294,170,,,,
37.00061,-86.367294,170,,,,
37.000607,-86.367302,170,,,,
37.000607,-86.367302,170,,,,
37.000607,-86.36731,170,,,,
37.000607,-86.36731,170,,,,
37.000599,-86.367325,170,,,,
37.000599,-86.367325,170,,,,
37.000595,-86.367332,170,,,,
37.000595,-86.367332,170,,,,
37.000591,-86.367332,170,,,,
37.000591,-86.367332,170,,,,
37.000587,-86.367348,170,,,,
37.000587,-86.367348,170,,,,
37.000584,-86.367355,170,,,,
37.000584,-86.367355,170,,,,
37.00058,-86.367363,170,,,,
37.00058,-86.367363,170,,,,
37.000576,-86.367371,170.1,,,,
37.000576,-86.367371,170.1,,,,
37.000572,-86.367378,170.1,,,,
37.000572,-86.367378,170.1,,,,
37.000568,-86.367394,170.1,,,,
37.000568,-86.367394,170.1,,,,
37.000568,-86.367401,170.1,,,,
37.000568,-86.367401,170.1,,,,
37.000565,-86.367409,170.1,,,,
37.000565,-86.367409,170.1,,,,
37.000561,-86.367416,170.1,,,,
37.000561,-86.367416,170.1,,,,
37.000557,-86.367424,170.1,,,,
37.000557,-86.367424,170.1,,,,
37.000557,-86.367432,170.1,,,,
37.000557,-86.367432,170.1,,,,
37.000553,-86.367439,170.1,,,,
37.000553,-86.367439,170.1,,,,
37.000549,-86.367447,170.1,,,,
37.000549,-86.367447,170.1,,,,
37.000549,-86.367455,170.1,,,,
37.000549,-86.367455,170.1,,,,
37.000546,-86.367462,170.1,,,,
37.000546,-86.367462,170.1,,,,
37.000542,-86.36747,170.1,,,,
37.000542,-86.36747,170.1,,,,
37.000538,-86.367477,170,,,,
37.000538,-86.367477,170,,,,
37.000538,-86.367485,170,,,,
37.000538,-86.367485,170,,,,
37.000534,-86.367493,170,,,,
37.000534,-86.367493,170,,,,
37.00053,-86.3675,170,,,,
37.00053,-86.3675,170,,,,
37.00053,-86.367508,170,,,,
37.00053,-86.367508,170,,,,
37.000526,-86.367516,170,,,,
37.000526,-86.367516,170,,,,
37.000523,-86.367523,170,,,,
37.000523,-86.367523,170,,,,
37.000519,-86.367531,170,,,,
37.000519,-86.367531,170,,,,
37.000515,-86.367531,170,,,,
37.000515,-86.367531,170,,,,
37.000511,-86.367538,170,,,,
37.000511,-86.367538,170,,,,
37.000507,-86.367546,170,,,,
37.000507,-86.367546,170,,,,
37.000504,-86.367554,170,,,,
37.000504,-86.367554,170,,,,
37.0005,-86.367561,170,,,,
37.0005,-86.367561,170,,,,
37.000492,-86.367569,170,,,,
37.000492,-86.367569,170,,,,
37.000488,-86.367569,170,,,,
37.000488,-86.367569,170,,,,
37.000488,-86.367577,170,,,,
37.000488,-86.367577,170,,,,
37.000481,-86.367577,170,,,,
37.000481,-86.367577,170,,,,
37.000477,-86.367584,170,,,,
37.000477,-86.367584,170,,,,
37.000469,-86.367592,170,,,,
37.000469,-86.367592,170,,,,
37.000469,-86.3676,170,,,,
37.000469,-86.3676,170,,,,
37.000462,-86.3676,170,,,,
37.000462,-86.3676,170,,,,
37.000458,-86.367607,170,,,,
37.000458,-86.367607,170,,,,
37.00045,-86.367607,170,,,,
37.00045,-86.367607,170,,,,
37.00045,-86.367607,170,,,,
37.00045,-86.367607,170,,,,
37.000443,-86.367607,170,,,,
37.000443,-86.367607,170,,,,
37.000435,-86.367615,170,,,,
37.000435,-86.367615,170,,,,
37.000431,-86.367615,170,,,,
37.000431,-86.367615,170,,,,
37.000427,-86.367622,170,,,,
37.000427,-86.367622,170,,,,
37.00042,-86.367622,170,,,,
37.00042,-86.367622,170,,,,
37.000412,-86.367622,170,,,,
37.000412,-86.367622,170,,,,
37.000408,-86.36763,170.1,,,,
37.000408,-86.36763,170.1,,,,
37.000404,-86.36763,170.1,,,,
37.000404,-86.36763,170.1,,,,
37.000397,-86.36763,170.1,,,,
37.000397,-86.36763,170.1,,,,
37.000389,-86.36763,170.1,,,,
37.000389,-86.36763,170.1,,,,
37.000385,-86.367638,170.1,,,,
37.000385,-86.367638,170.1,,,,
37.000378,-86.367638,170.1,,,,
37.000378,-86.367638,170.1,,,,
37.000374,-86.367638,170.1,,,,
37.000374,-86.367638,170.1,,,,
37.00037,-86.367638,170.1,,,,
37.00037,-86.367638,170.1,,,,
37.000362,-86.367638,170.2,,,,
37.000362,-86.367638,170.2,,,,
37.000355,-86.367638,170.1,,,,
37.000355,-86.367638,170.1,,,,
37.000351,-86.367638,170.2,,,,
37.000351,-86.367638,170.2,,,,
37.000343,-86.367638,170.2,,,,
37.000343,-86.367638,170.2,,,,
37.00034,-86.367638,170.2,,,,
37.00034,-86.367638,170.2,,,,
37.000332,-86.367638,170.2,,,,
37.000332,-86.367638,170.2,,,,
37.000328,-86.367638,170.2,,,,
37.000328,-86.367638,170.2,,,,
37.000324,-86.367638,170.2,,,,
37.000324,-86.367638,170.2,,,,
37.000317,-86.367645,170.2,,,,
37.000317,-86.367645,170.2,,,,
37.000309,-86.367645,170.3,,,,
37.000309,-86.367645,170.3,,,,
37.000309,-86.367645,170.3,,,,
37.000309,-86.367645,170.3,,,,
37.000301,-86.367645,170.3,,,,
37.000301,-86.367645,170.3,,,,
37.000298,-86.367645,170.3,,,,
37.000298,-86.367645,170.3,,,,
37.00029,-86.367645,170.3,,,,
37.00029,-86.367645,170.3,,,,
37.00029,-86.367645,170.3,,,,
37.00029,-86.367645,170.3,,,,
37.000282,-86.367645,170.3,,,,
37.000282,-86.367645,170.3,,,,
37.000278,-86.367645,170.3,,,,
37.000278,-86.367645,170.3,,,,
37.000271,-86.367645,170.3,,,,
37.000271,-86.367645,170.3,,,,
37.000271,-86.367653,170.3,,,,
37.000271,-86.367653,170.3,,,,
37.000267,-86.367653,170.3,,,,
37.000267,-86.367653,170.3,,,,
37.000259,-86.367661,170.3,,,,
37.000259,-86.367661,170.3,,,,
37.000256,-86.367661,170.3,,,,
37.000256,-86.367661,170.3,,,,
37.000252,-86.367668,170.3,,,,
37.000252,-86.367668,170.3,,,,
37.000248,-86.367668,170.3,,,,
37.000248,-86.367668,170.3,,,,
37.000244,-86.367676,170.3,,,,
37.000244,-86.367676,170.3,,,,
37.000237,-86.367676,170.3,,,,
37.000237,-86.367676,170.3,,,,
37.000233,-86.367683,170.3,,,,
37.000233,-86.367683,170.3,,,,
37.000233,-86.367683,170.2,,,,
37.000233,-86.367683,170.2,,,,
37.000229,-86.367691,170.2,,,,
37.000229,-86.367691,170.2,,,,
37.000225,-86.367691,170.2,,,,
37.000225,-86.367691,170.2,,,,
37.000221,-86.367691,170.2,,,,
37.000221,-86.367691,170.2,,,,
37.000217,-86.367699,170.2,,,,
37.000217,-86.367699,170.2,,,,
37.00021,-86.367706,170.2,,,,
37.00021,-86.367706,170.2,,,,
37.00021,-86.367714,170.2,,,,
37.00021,-86.367714,170.2,,,,
37.00021,-86.367714,170.2,,,,
37.00021,-86.367714,170.2,,,,
37.000206,-86.367722,170.1,,,,
37.000206,-86.367722,170.1,,,,
37.000202,-86.367729,170.1,,,,
37.000202,-86.367729,170.1,,,,
37.000198,-86.367729,170.2,,,,
37.000198,-86.367729,170.2,,,,
37.000195,-86.367737,170.2,,,,
37.000195,-86.367737,170.2,,,,
37.000191,-86.367744,170.1,,,,
37.000191,-86.367744,170.1,,,,
37.000191,-86.367744,170.2,,,,
37.000191,-86.367744,170.2,,,,
37.000191,-86.367752,170.2,,,,
37.000191,-86.367752,170.2,,,,
37.000187,-86.36776,170.2,,,,
37.000187,-86.36776,170.2,,,,
37.000187,-86.367767,170.2,,,,
37.000187,-86.367767,170.2,,,,
37.000183,-86.367767,170.2,,,,
37.000183,-86.367767,170.2,,,,
37.000183,-86.367775,170.2,,,,
37.000183,-86.367775,170.2,,,,
37.000179,-86.367783,170.2,,,,
37.000179,-86.367783,170.2,,,,
37.000179,-86.36779,170.3,,,,
37.000179,-86.36779,170.3,,,,
37.000175,-86.367798,170.3,,,,
37.000175,-86.367798,170.3,,,,
37.000175,-86.367805,170.3,,,,
37.000175,-86.367805,170.3,,,,
37.000175,-86.367813,170.3,,,,
37.000175,-86.367813,170.3,,,,
37.000172,-86.367821,170.2,,,,
37.000172,-86.367821,170.2,,,,
37.000172,-86.367828,170.2,,,,
37.000172,-86.367828,170.2,,,,
37.000172,-86.367836,170.2,,,,
37.000172,-86.367836,170.2,,,,
37.000172,-86.367844,170.2,,,,
37.000172,-86.367844,170.2,,,,
37.000172,-86.367844,170.2,,,,
37.000172,-86.367844,170.2,,,,
37.000172,-86.367859,170.2,,,,
37.000172,-86.367859,170.2,,,,
37.000172,-86.367867,170.2,,,,
37.000172,-86.367867,170.2,,,,
37.000172,-86.367874,170.2,,,,
37.000172,-86.367874,170.2,,,,
37.000175,-86.367882,170.2,,,,
37.000175,-86.367882,170.2,,,,
37.000175,-86.367889,170.2,,,,
37.000175,-86.367889,170.2,,,,
37.000175,-86.367897,170.2,,,,
37.000175,-86.367897,170.2,,,,
37.000175,-86.367905,170.2,,,,
37.000175,-86.367905,170.2,,,,
37.000179,-86.367912,170.2,,,,
37.000179,-86.367912,170.2,,,,
37.000179,-86.367928,170.1,,,,
37.000179,-86.367928,170.1,,,,
37.000179,-86.367928,170.1,,,,
37.000179,-86.367928,170.1,,,,
37.000183,-86.367935,170.1,,,,
37.000183,-86.367935,170.1,,,,
37.000183,-86.36795,170.1,,,,
37.000183,-86.36795,170.1,,,,
37.000187,-86.367958,170.1,,,,
37.000187,-86.367958,170.1,,,,
37.000187,-86.367966,170.1,,,,
37.000187,-86.367966,170.1,,,,
37.000191,-86.367973,170.1,,,,
37.000191,-86.367973,170.1,,,,
37.000191,-86.367981,170,,,,
37.000191,-86.367981,170,,,,
37.000191,-86.367989,170,,,,
37.000191,-86.367989,170,,,,
37.000191,-86.367996,170,,,,
37.000191,-86.367996,170,,,,
37.000195,-86.368004,170,,,,
37.000195,-86.368004,170,,,,
37.000195,-86.368011,170,,,,
37.000195,-86.368011,170,,,,
37.000198,-86.368019,170,,,,
37.000198,-86.368019,170,,,,
37.000198,-86.368027,170,,,,
37.000198,-86.368027,170,,,,
37.000202,-86.368034,170,,,,
37.000202,-86.368034,170,,,,
37.000202,-86.368042,169.9,,,,
37.000202,-86.368042,169.9,,,,
37.000206,-86.36805,169.9,,,,
37.000206,-86.36805,169.9,,,,
37.000206,-86.368057,169.9,,,,
37.000206,-86.368057,169.9,,,,
37.00021,-86.368065,169.9,,,,
37.00021,-86.368065,169.9,,,,
37.00021,-86.368072,169.9,,,,
37.00021,-86.368072,169.9,,,,
37.00021,-86.36808,169.9,,,,
37.00021,-86.36808,169.9,,,,
37.00021,-86.368088,169.9,,,,
37.00021,-86.368088,169.9,,,,
37.00021,-86.368095,169.9,,,,
37.00021,-86.368095,169.9,,,,
37.00021,-86.368103,169.9,,,,
37.00021,-86.368103,169.9,,,,
37.00021,-86.368111,169.8,,,,
37.00021,-86.368111,169.8,,,,
37.00021,-86.368118,169.8,,,,
37.00021,-86.368118,169.8,,,,
37.00021,-86.368126,169.8,,,,
37.00021,-86.368126,169.8,,,,
37.00021,-86.368134,169.8,,,,
37.00021,-86.368134,169.8,,,,
37.00021,-86.368141,169.8,,,,
37.00021,-86.368141,169.8,,,,
37.00021,-86.368149,169.8,,,,
37.00021,-86.368149,169.8,,,,
37.00021,-86.368156,169.8,,,,
37.00021,-86.368156,169.8,,,,
37.00021,-86.368164,169.8,,,,
37.00021,-86.368164,169.8,,,,
37.00021,-86.368164,169.8,,,,
37.00021,-86.368164,169.8,,,,
37.00021,-86.368172,169.8,,,,
37.00021,-86.368172,169.8,,,,
37.000206,-86.368179,169.8,,,,
37.000206,-86.368179,169.8,,,,
37.000206,-86.368187,169.8,,,,
37.000206,-86.368187,169.8,,,,
37.000202,-86.368202,169.8,,,,
37.000202,-86.368202,169.8,,,,
37.000202,-86.368202,169.8,,,,
37.000202,-86.368202,169.8,,,,
37.000198,-86.36821,169.8,,,,
37.000198,-86.36821,169.8,,,,
37.000195,-86.36821,169.8,,,,
37.000195,-86.36821,169.8,,,,
37.000191,-86.368217,169.8,,,,
37.000191,-86.368217,169.8,,,,
37.000191,-86.368225,169.8,,,,
37.000191,-86.368225,169.8,,,,
37.000191,-86.368233,169.7,,,,
37.000191,-86.368233,169.7,,,,
37.000187,-86.36824,169.8,,,,
37.000187,-86.36824,169.8,,,,
37.000183,-86.368248,169.8,,,,
37.000183,-86.368248,169.8,,,,
37.000179,-86.368248,169.7,,,,
37.000179,-86.368248,169.7,,,,
37.000175,-86.368248,169.7,,,,
37.000175,-86.368248,169.7,,,,
37.000172,-86.368256,169.7,,,,
37.000172,-86.368256,169.7,,,,
37.000172,-86.368263,169.7,,,,
37.000172,-86.368263,169.7,,,,
37.000168,-86.368271,169.7,,,,
37.000168,-86.368271,169.7,,,,
37.000164,-86.368271,169.7,,,,
37.000164,-86.368271,169.7,,,,
37.00016,-86.368278,169.7,,,,
37.00016,-86.368278,169.7,,,,
37.000156,-86.368278,169.7,,,,
37.000156,-86.368278,169.7,,,,
37.000153,-86.368286,169.7,,,,
37.000153,-86.368286,169.7,,,,
37.000149,-86.368286,169.7,,,,
37.000149,-86.368286,169.7,,,,
37.000145,-86.368286,169.7,,,,
37.000145,-86.368286,169.7,,,,
37.000141,-86.368294,169.7,,,,
37.000141,-86.368294,169.7,,,,
37.000134,-86.368294,169.7,,,,
37.000134,-86.368294,169.7,,,,
37.000134,-86.368294,169.7,,,,
37.000134,-86.368294,169.7,,,,
37.00013,-86.368301,169.7,,,,
37.00013,-86.368301,169.7,,,,
37.000122,-86.368301,169.7,,,,
37.000122,-86.368301,169.7,,,,
37.000118,-86.368309,169.7,,,,
37.000118,-86.368309,169.7,,,,
37.000111,-86.368309,169.7,,,,
37.000111,-86.368309,169.7,,,,
37.000111,-86.368309,169.7,,,,
37.000111,-86.368309,169.7,,,,
37.000103,-86.368309,169.7,,,,
37.000103,-86.368309,169.7,,,,
37.000099,-86.368317,169.7,,,,
37.000099,-86.368317,169.7,,,,
37.000092,-86.368317,169.7,,,,
37.000092,-86.368317,169.7,,,,
37.000088,-86.368317,169.7,,,,
37.000088,-86.368317,169.7,,,,
37.000084,-86.368317,169.8,,,,
37.000084,-86.368317,169.8,,,,
37.000076,-86.368317,169.7,,,,
37.000076,-86.368317,169.7,,,,
37.000072,-86.368317,169.7,,,,
37.000072,-86.368317,169.7,,,,
37.000069,-86.368317,169.7,,,,
37.000069,-86.368317,169.7,,,,
37.000061,-86.368317,169.7,,,,
37.000061,-86.368317,169.7,,,,
37.000057,-86.368317,169.7,,,,
37.000057,-86.368317,169.7,,,,
37.000053,-86.368317,169.7,,,,
37.000053,-86.368317,169.7,,,,
37.000046,-86.368317,169.7,,,,
37.000046,-86.368317,169.7,,,,
37.000042,-86.368317,169.7,,,,
37.000042,-86.368317,169.7,,,,
37.000034,-86.368317,169.8,,,,
37.000034,-86.368317,169.8,,,,
37.000031,-86.368317,169.8,,,,
37.000031,-86.368317,169.8,,,,
37.000023,-86.368309,169.8,,,,
37.000023,-86.368309,169.8,,,,
37.000019,-86.368309,169.8,,,,
37.000019,-86.368309,169.8,,,,
37.000011,-86.368309,169.8,,,,
37.000011,-86.368309,169.8,,,,
37.000008,-86.368309,169.8,,,,
37.000008,-86.368309,169.8,,,,
37.000004,-86.368301,169.9,,,,
37.000004,-86.368301,169.9,,,,
36.999996,-86.368301,169.9,,,,
36.999996,-86.368301,169.9,,,,
36.999992,-86.368294,169.9,,,,
36.999992,-86.368294,169.9,,,,
36.999985,-86.368294,170,,,,
36.999985,-86.368294,170,,,,
36.999981,-86.368286,170,,,,
36.999981,-86.368286,170,,,,
36.999973,-86.368286,170,,,,
36.999973,-86.368286,170,,,,
36.99997,-86.368286,170,,,,
36.99997,-86.368286,170,,,,
36.999962,-86.368286,170,,,,
36.999962,-86.368286,170,,,,
36.999958,-86.368278,170.1,,,,
36.999958,-86.368278,170.1,,,,
36.999954,-86.368278,170.1,,,,
36.999954,-86.368278,170.1,,,,
36.999947,-86.368271,170.1,,,,
36.999947,-86.368271,170.1,,,,
36.999939,-86.368263,170.2,,,,
36.999939,-86.368263,170.2,,,,
36.999935,-86.368263,170.2,,,,
36.999935,-86.368263,170.2,,,,
36.999931,-86.368256,170.2,,,,
36.999931,-86.368256,170.2,,,,
36.999924,-86.368256,170.3,,,,
36.999924,-86.368256,170.3,,,,
36.999916,-86.368248,170.3,,,,
36.999916,-86.368248,170.3,,,,
36.999912,-86.368248,170.4,,,,
36.999912,-86.368248,170.4,,,,
36.999905,-86.368248,170.4,,,,
36.999905,-86.368248,170.4,,,,
36.999897,-86.36824,170.5,,,,
36.999897,-86.36824,170.5,,,,
36.999893,-86.36824,170.5,,,,
36.999893,-86.36824,170.5,,,,
36.999886,-86.368233,170.5,,,,
36.999886,-86.368233,170.5,,,,
36.999878,-86.368225,170.6,,,,
36.999878,-86.368225,170.6,,,,
36.999874,-86.368225,170.6,,,,
36.999874,-86.368225,170.6,,,,
36.999866,-86.368217,170.6,,,,
36.999866,-86.368217,170.6,,,,
36.999859,-86.368217,170.7,,,,
36.999859,-86.368217,170.7,,,,
36.999855,-86.36821,170.7,,,,
36.999855,-86.36821,170.7,,,,
36.999847,-86.36821,170.7,,,,
36.999847,-86.36821,170.7,,,,
36.99984,-86.368202,170.8,,,,
36.99984,-86.368202,170.8,,,,
36.999832,-86.368202,170.8,,,,
36.999832,-86.368202,170.8,,,,
36.999828,-86.368202,170.8,,,,
36.999828,-86.368202,170.8,,,,
36.999821,-86.368202,170.8,,,,
36.999821,-86.368202,170.8,,,,
36.999813,-86.368195,170.8,,,,
36.999813,-86.368195,170.8,,,,
36.999805,-86.368195,170.8,,,,
36.999805,-86.368195,170.8,,,,
36.999798,-86.368187,170.8,,,,
36.999798,-86.368187,170.8,,,,
36.999794,-86.368187,170.8,,,,
36.999794,-86.368187,170.8,,,,
36.999786,-86.368179,170.8,,,,
36.999786,-86.368179,170.8,,,,
36.999775,-86.368179,170.8,,,,
36.999775,-86.368179,170.8,,,,
36.999771,-86.368172,170.9,,,,
36.999771,-86.368172,170.9,,,,
36.999764,-86.368164,170.9,,,,
36.999764,-86.368164,170.9,,,,
36.999756,-86.368164,170.9,,,,
36.999756,-86.368164,170.9,,,,
36.999748,-86.368164,170.9,,,,
36.999748,-86.368164,170.9,,,,
36.999741,-86.368156,170.9,,,,
36.999741,-86.368156,170.9,,,,
36.999733,-86.368156,170.9,,,,
36.999733,-86.368156,170.9,,,,
36.999729,-86.368149,170.9,,,,
36.999729,-86.368149,170.9,,,,
36.999718,-86.368141,170.9,,,,
36.999718,-86.368141,170.9,,,,
36.999714,-86.368141,170.9,,,,
36.999714,-86.368141,170.9,,,,
36.999706,-86.368134,170.9,,,,
36.999706,-86.368134,170.9,,,,
36.999699,-86.368126,171,,,,
36.999699,-86.368126,171,,,,
36.999695,-86.368126,171,,,,
36.999695,-86.368126,171,,,,
36.999683,-86.368126,171,,,,
36.999683,-86.368126,171,,,,
36.999676,-86.368118,171,,,,
36.999676,-86.368118,171,,,,
36.999672,-86.368111,171,,,,
36.999672,-86.368111,171,,,,
36.999664,-86.368111,171,,,,
36.999664,-86.368111,171,,,,
36.999657,-86.368103,171,,,,
36.999657,-86.368103,171,,,,
36.999653,-86.368095,171.1,,,,
36.999653,-86.368095,171.1,,,,
36.999645,-86.368088,171.1,,,,
36.999645,-86.368088,171.1,,,,
36.999638,-86.368088,171.1,,,,
36.999638,-86.368088,171.1,,,,
36.999634,-86.368088,171.1,,,,
36.999634,-86.368088,171.1,,,,
36.99963,-86.36808,171.2,,,,
36.99963,-86.36808,171.2,,,,
36.999622,-86.36808,171.2,,,,
36.999622,-86.36808,171.2,,,,
36.999615,-86.368072,171.2,,,,
36.999615,-86.368072,171.2,,,,
36.999615,-86.368065,171.2,,,,
36.999615,-86.368065,171.2,,,,
36.999607,-86.368057,171.2,,,,
36.999607,-86.368057,171.2,,,,
36.999603,-86.36805,171.2,,,,
36.999603,-86.36805,171.2,,,,
36.999596,-86.36805,171.2,,,,
36.999596,-86.36805,171.2,,,,
36.999596,-86.368042,171.2,,,,
36.999596,-86.368042,171.2,,,,
36.999588,-86.368042,171.2,,,,
36.999588,-86.368042,171.2,,,,
36.999584,-86.368034,171.2,,,,
36.999584,-86.368034,171.2,,,,
36.99958,-86.368027,171.2,,,,
36.99958,-86.368027,171.2,,,,
36.999577,-86.368019,171.2,,,,
36.999577,-86.368019,171.2,,,,
36.999573,-86.368011,171.2,,,,
36.999573,-86.368011,171.2,,,,
36.999569,-86.368004,171.2,,,,
36.999569,-86.368004,171.2,,,,
36.999565,-86.368004,171.2,,,,
36.999565,-86.368004,171.2,,,,
36.999561,-86.367996,171.2,,,,
36.999561,-86.367996,171.2,,,,
36.999558,-86.367989,171.1,,,,
36.999558,-86.367989,171.1,,,,
36.999558,-86.367981,171.1,,,,
36.999558,-86.367981,171.1,,,,
36.999558,-86.367973,171.1,,,,
36.999558,-86.367973,171.1,,,,
36.999554,-86.367966,171.1,,,,
36.999554,-86.367966,171.1,,,,
36.99955,-86.367958,171.2,,,,
36.99955,-86.367958,171.2,,,,
36.999546,-86.36795,171.2,,,,
36.999546,-86.36795,171.2,,,,
36.999546,-86.367943,171.2,,,,
36.999546,-86.367943,171.2,,,,
36.999542,-86.367935,171.2,,,,
36.999542,-86.367935,171.2,,,,
36.999542,-86.367928,171.2,,,,
36.999542,-86.367928,171.2,,,,
36.999538,-86.367928,171.2,,,,
36.999538,-86.367928,171.2,,,,
36.999538,-86.36792,171.2,,,,
36.999538,-86.36792,171.2,,,,
36.999535,-86.367905,171.3,,,,
36.999535,-86.367905,171.3,,,,
36.999535,-86.367897,171.3,,,,
36.999535,-86.367897,171.3,,,,
36.999535,-86.367889,171.3,,,,
36.999535,-86.367889,171.3,,,,
36.999535,-86.367889,171.2,,,,
36.999535,-86.367889,171.2,,,,
36.999535,-86.367882,171.2,,,,
36.999535,-86.367882,171.2,,,,
36.999535,-86.367874,171.2,,,,
36.999535,-86.367874,171.2,,,,
36.999535,-86.367859,171.2,,,,
36.999535,-86.367859,171.2,,,,
36.999535,-86.367851,171.2,,,,
36.999535,-86.367851,171.2,,,,
36.999535,-86.367844,171.3,,,,
36.999535,-86.367844,171.3,,,,
36.999535,-86.367844,171.3,,,,
36.999535,-86.367844,171.3,,,,
36.999535,-86.367836,171.3,,,,
36.999535,-86.367836,171.3,,,,
36.999535,-86.367821,171.3,,,,
36.999535,-86.367821,171.3,,,,
36.999535,-86.367813,171.3,,,,
36.999535,-86.367813,171.3,,,,
36.999538,-86.367805,171.3,,,,
36.999538,-86.367805,171.3,,,,
36.999538,-86.367805,171.3,,,,
36.999538,-86.367805,171.3,,,,
36.999542,-86.367798,171.4,,,,
36.999542,-86.367798,171.4,,,,
36.999542,-86.36779,171.4,,,,
36.999542,-86.36779,171.4,,,,
36.999546,-86.367783,171.4,,,,
36.999546,-86.367783,171.4,,,,
36.999546,-86.367767,171.4,,,,
36.999546,-86.367767,171.4,,,,
36.99955,-86.367767,171.4,,,,
36.99955,-86.367767,171.4,,,,
36.999554,-86.36776,171.4,,,,
36.999554,-86.36776,171.4,,,,
36.999554,-86.367752,171.4,,,,
36.999554,-86.367752,171.4,,,,
36.999558,-86.367744,171.4,,,,
36.999558,-86.367744,171.4,,,,
36.999558,-86.367737,171.4,,,,
36.999558,-86.367737,171.4,,,,
36.999561,-86.367729,171.4,,,,
36.999561,-86.367729,171.4,,,,
36.999565,-86.367729,171.4,,,,
36.999565,-86.367729,171.4,,,,
36.999569,-86.367722,171.4,,,,
36.999569,-86.367722,171.4,,,,
36.999573,-86.367714,171.4,,,,
36.999573,-86.367714,171.4,,,,
36.999577,-86.367706,171.4,,,,
36.999577,-86.367706,171.4,,,,
36.999577,-86.367699,171.5,,,,
36.999577,-86.367699,171.5,,,,
36.99958,-86.367691,171.5,,,,
36.99958,-86.367691,171.5,,,,
36.999588,-86.367691,171.5,,,,
36.999588,-86.367691,171.5,,,,
36.999592,-86.367683,171.5,,,,
36.999592,-86.367683,171.5,,,,
36.999596,-86.367683,171.5,,,,
36.999596,-86.367683,171.5,,,,
36.999599,-86.367676,171.5,,,,
36.999599,-86.367676,171.5,,,,
36.999603,-86.367668,171.5,,,,
36.999603,-86.367668,171.5,,,,
36.999611,-86.367661,171.5,,,,
36.999611,-86.367661,171.5,,,,
36.999615,-86.367653,171.5,,,,
36.999615,-86.367653,171.5,,,,
36.999618,-86.367645,171.5,,,,
36.999618,-86.367645,171.5,,,,
36.999622,-86.367645,171.4,,,,
36.999622,-86.367645,171.4,,,,
36.99963,-86.367645,171.4,,,,
36.99963,-86.367645,171.4,,,,
36.999634,-86.367638,171.5,,,,
36.999634,-86.367638,171.5,,,,
36.999638,-86.36763,171.5,,,,
36.999638,-86.36763,171.5,,,,
36.999645,-86.36763,171.5,,,,
36.999645,-86.36763,171.5,,,,
36.999653,-86.367622,171.6,,,,
36.999653,-86.367622,171.6,,,,
36.999657,-86.367615,171.6,,,,
36.999657,-86.367615,171.6,,,,
36.99966,-86.367615,171.6,,,,
36.99966,-86.367615,171.6,,,,
36.999668,-86.367607,171.6,,,,
36.999668,-86.367607,171.6,,,,
36.999676,-86.367607,171.6,,,,
36.999676,-86.367607,171.6,,,,
36.999676,-86.367607,171.6,,,,
36.999676,-86.367607,171.6,,,,
36.999683,-86.367607,171.5,,,,
36.999683,-86.367607,171.5,,,,
36.999691,-86.367607,171.5,,,,
36.999691,-86.367607,171.5,,,,
36.999695,-86.3676,171.5,,,,
36.999695,-86.3676,171.5,,,,
36.999699,-86.3676,171.5,,,,
36.999699,-86.3676,171.5,,,,
36.999706,-86.3676,171.5,,,,
36.999706,-86.3676,171.5,,,,
36.999714,-86.367592,171.5,,,,
36.999714,-86.367592,171.5,,,,
36.999718,-86.367592,171.4,,,,
36.999718,-86.367592,171.4,,,,
36.999725,-86.367592,171.4,,,,
36.999725,-86.367592,171.4,,,,
36.999729,-86.367592,171.4,,,,
36.999729,-86.367592,171.4,,,,
36.999733,-86.367592,171.4,,,,
36.999733,-86.367592,171.4,,,,
36.999741,-86.367584,171.4,,,,
36.999741,-86.367584,171.4,,,,
36.999748,-86.367584,171.4,,,,
36.999748,-86.367584,171.4,,,,
36.999756,-86.367584,171.4,,,,
36.999756,-86.367584,171.4,,,,
36.99976,-86.367584,171.4,,,,
36.99976,-86.367584,171.4,,,,
36.999767,-86.367584,171.3,,,,
36.999767,-86.367584,171.3,,,,
36.999775,-86.367584,171.3,,,,
36.999775,-86.367584,171.3,,,,
36.999779,-86.367584,171.3,,,,
36.999779,-86.367584,171.3,,,,
36.999786,-86.367592,171.3,,,,
36.999786,-86.367592,171.3,,,,
36.999794,-86.367592,171.3,,,,
36.999794,-86.367592,171.3,,,,
36.999794,-86.367592,171.3,,,,
36.999794,-86.367592,171.3,,,,
36.999802,-86.367592,171.3,,,,
36.999802,-86.367592,171.3,,,,
36.999813,-86.367592,171.3,,,,
36.999813,-86.367592,171.3,,,,
36.999817,-86.367592,171.3,,,,
36.999817,-86.367592,171.3,,,,
36.999824,-86.367592,171.3,,,,
36.999824,-86.367592,171.3,,,,
36.999832,-86.367584,171.3,,,,
36.999832,-86.367584,171.3,,,,
36.999836,-86.367584,171.3,,,,
36.999836,-86.367584,171.3,,,,
36.999844,-86.367584,171.3,,,,
36.999844,-86.367584,171.3,,,,
36.999851,-86.367584,171.3,,,,
36.999851,-86.367584,171.3,,,,
36.999855,-86.367584,171.3,,,,
36.999855,-86.367584,171.3,,,,
36.999863,-86.367584,171.3,,,,
36.999863,-86.367584,171.3,,,,
36.99987,-86.367577,171.3,,,,
36.99987,-86.367577,171.3,,,,
36.999874,-86.367577,171.4,,,,
36.999874,-86.367577,171.4,,,,
36.999878,-86.367577,171.4,,,,
36.999878,-86.367577,171.4,,,,
36.999886,-86.367577,171.4,,,,
36.999886,-86.367577,171.4,,,,
36.999893,-86.367569,171.3,,,,
36.999893,-86.367569,171.3,,,,
36.999897,-86.367569,171.3,,,,
36.999897,-86.367569,171.3,,,,
36.999905,-86.367569,171.3,,,,
36.999905,-86.367569,171.3,,,,
36.999912,-86.367569,171.3,,,,
36.999912,-86.367569,171.3,,,,
36.999916,-86.367561,171.3,,,,
36.999916,-86.367561,171.3,,,,
36.999924,-86.367561,171.3,,,,
36.999924,-86.367561,171.3,,,,
36.999931,-86.367554,171.3,,,,
36.999931,-86.367554,171.3,,,,
36.999935,-86.367554,171.2,,,,
36.999935,-86.367554,171.2,,,,
36.999939,-86.367546,171.2,,,,
36.999939,-86.367546,171.2,,,,
36.999947,-86.367538,171.3,,,,
36.999947,-86.367538,171.3,,,,
36.999954,-86.367538,171.2,,,,
36.999954,-86.367538,171.2,,,,
36.999958,-86.367531,171.2,,,,
36.999958,-86.367531,171.2,,,,
36.999962,-86.367531,171.2,,,,
36.999962,-86.367531,171.2,,,,
36.99997,-86.367531,171.2,,,,
36.99997,-86.367531,171.2,,,,
36.999973,-86.367523,171.2,,,,
36.999973,-86.367523,171.2,,,,
36.999977,-86.367516,171.2,,,,
36.999977,-86.367516,171.2,,,,
36.999981,-86.367508,171.2,,,,
36.999981,-86.367508,171.2,,,,
36.999989,-86.3675,171.1,,,,
36.999989,-86.3675,171.1,,,,
36.999992,-86.3675,171.1,,,,
36.999992,-86.3675,171.1,,,,
36.999996,-86.367493,171.1,,,,
36.999996,-86.367493,171.1,,,,
37,-86.367493,171.1,,,,
37,-86.367493,171.1,,,,
37.000008,-86.367485,171.1,,,,
37.000008,-86.367485,171.1,,,,
37.000011,-86.367477,171,,,,
37.000011,-86.367477,171,,,,
37.000015,-86.36747,171,,,,
37.000015,-86.36747,171,,,,
37.000019,-86.367462,171,,,,
37.000019,-86.367462,171,,,,
37.000023,-86.367455,171,,,,
37.000023,-86.367455,171,,,,
37.000027,-86.367447,171,,,,
37.000027,-86.367447,171,,,,
37.000031,-86.367447,170.9,,,,
37.000031,-86.367447,170.9,,,,
37.000034,-86.367439,170.9,,,,
37.000034,-86.367439,170.9,,,,
37.000038,-86.367432,170.9,,,,
37.000038,-86.367432,170.9,,,,
37.000042,-86.367424,170.9,,,,
37.000042,-86.367424,170.9,,,,
37.000046,-86.367416,170.9,,,,
37.000046,-86.367416,170.9,,,,
37.00005,-86.367409,170.9,,,,
37.00005,-86.367409,170.9,,,,
37.00005,-86.367401,170.9,,,,
37.00005,-86.367401,170.9,,,,
37.000053,-86.367394,170.9,,,,
37.000053,-86.367394,170.9,,,,
37.000053,-86.367386,170.9,,,,
37.000053,-86.367386,170.9,,,,
37.000057,-86.367378,170.9,,,,
37.000057,-86.367378,170.9,,,,
37.000061,-86.367371,170.9,,,,
37.000061,-86.367371,170.9,,,,
37.000061,-86.367363,170.9,,,,
37.000061,-86.367363,170.9,,,,
37.000065,-86.367355,170.9,,,,
37.000065,-86.367355,170.9,,,,
37.000065,-86.367348,170.9,,,,
37.000065,-86.367348,170.9,,,,
37.000069,-86.367332,170.9,,,,
37.000069,-86.367332,170.9,,,,
37.000072,-86.367332,170.9,,,,
37.000072,-86.367332,170.9,,,,
37.000072,-86.367325,170.9,,,,
37.000072,-86.367325,170.9,,,,
37.000072,-86.367317,170.9,,,,
37.000072,-86.367317,170.9,,,,
37.000076,-86.367302,170.9,,,,
37.000076,-86.367302,170.9,,,,
37.000076,-86.367294,170.9,,,,
37.000076,-86.367294,170.9,,,,
37.00008,-86.367294,170.9,,,,
37.00008,-86.367294,170.9,,,,
37.000084,-86.367287,170.9,,,,
37.000084,-86.367287,170.9,,,,
37.000084,-86.367271,170.9,,,,
37.000084,-86.367271,170.9,,,,
37.000088,-86.367264,170.9,,,,
37.000088,-86.367264,170.9,,,,
37.000092,-86.367256,170.9,,,,
37.000092,-86.367256,170.9,,,,
37.000092,-86.367249,171,,,,
37.000092,-86.367249,171,,,,
37.000095,-86.367249,171,,,,
37.000095,-86.367249,171,,,,
37.000099,-86.367233,171,,,,
37.000099,-86.367233,171,,,,
37.000103,-86.367226,171,,,,
37.000103,-86.367226,171,,,,
37.000107,-86.367218,171,,,,
37.000107,-86.367218,171,,,,
37.000111,-86.36721,170.9,,,,
37.000111,-86.36721,170.9,,,,
37.000114,-86.36721,171,,,,
37.000114,-86.36721,171,,,,
37.000118,-86.367203,171,,,,
37.000118,-86.367203,171,,,,
37.000122,-86.367195,171,,,,
37.000122,-86.367195,171,,,,
37.00013,-86.367188,171,,,,
37.00013,-86.367188,171,,,,
37.000134,-86.36718,170.9,,,,
37.000134,-86.36718,170.9,,,,
37.000137,-86.367172,170.9,,,,
37.000137,-86.367172,170.9,,,,
37.000141,-86.367172,170.9,,,,
37.000141,-86.367172,170.9,,,,
37.000149,-86.367165,170.9,,,,
37.000149,-86.367165,170.9,,,,
37.000153,-86.367157,170.9,,,,
37.000153,-86.367157,170.9,,,,
37.000156,-86.367149,170.9,,,,
37.000156,-86.367149,170.9,,,,
37.00016,-86.367142,170.9,,,,
37.00016,-86.367142,170.9,,,,
37.000168,-86.367142,170.9,,,,
37.000168,-86.367142,170.9,,,,
37.000172,-86.367134,170.9,,,,
37.000172,-86.367134,170.9,,,,
37.000175,-86.367134,170.8,,,,
37.000175,-86.367134,170.8,,,,
37.000179,-86.367119,170.8,,,,
37.000179,-86.367119,170.8,,,,
37.000187,-86.367111,170.8,,,,
37.000187,-86.367111,170.8,,,,
37.000191,-86.367104,170.7,,,,
37.000191,-86.367104,170.7,,,,
37.000191,-86.367096,170.7,,,,
37.000191,-86.367096,170.7,,,,
37.000195,-86.367096,170.7,,,,
37.000195,-86.367096,170.7,,,,
37.000198,-86.367088,170.7,,,,
37.000198,-86.367088,170.7,,,,
37.000202,-86.367081,170.7,,,,
37.000202,-86.367081,170.7,,,,
37.000206,-86.367073,170.7,,,,
37.000206,-86.367073,170.7,,,,
37.00021,-86.367065,170.7,,,,
37.00021,-86.367065,170.7,,,,
37.00021,-86.367058,170.7,,,,
37.00021,-86.367058,170.7,,,,
37.000214,-86.36705,170.7,,,,
37.000214,-86.36705,170.7,,,,
37.000214,-86.367043,170.7,,,,
37.000214,-86.367043,170.7,,,,
37.000217,-86.367035,170.8,,,,
37.000217,-86.367035,170.8,,,,
37.000221,-86.367027,170.8,,,,
37.000221,-86.367027,170.8,,,,
37.000221,-86.367012,170.8,,,,
37.000221,-86.367012,170.8,,,,
37.000225,-86.367012,170.8,,,,
37.000225,-86.367012,170.8,,,,
37.000225,-86.367004,170.8,,,,
37.000225,-86.367004,170.8,,,,
37.000229,-86.366997,170.8,,,,
37.000229,-86.366997,170.8,,,,
37.000229,-86.366989,170.9,,,,
37.000229,-86.366989,170.9,,,,
37.000229,-86.366974,170.9,,,,
37.000229,-86.366974,170.9,,,,
37.000229,-86.366974,170.9,,,,
37.000229,-86.366974,170.9,,,,
37.000233,-86.366966,170.9,,,,
37.000233,-86.366966,170.9,,,,
37.000233,-86.366959,171,,,,
37.000233,-86.366959,171,,,,
37.000233,-86.366943,171,,,,
37.000233,-86.366943,171,,,,
37.000233,-86.366936,171,,,,
37.000233,-86.366936,171,,,,
37.000233,-86.366936,171.1,,,,
37.000233,-86.366936,171.1,,,,
37.000233,-86.366928,171.1,,,,
37.000233,-86.366928,171.1,,,,
37.000229,-86.366913,171.1,,,,
37.000229,-86.366913,171.1,,,,
37.000229,-86.366905,171.1,,,,
37.000229,-86.366905,171.1,,,,
37.000229,-86.366898,171.2,,,,
37.000229,-86.366898,171.2,,,,
37.000229,-86.36689,171.2,,,,
37.000229,-86.36689,171.2,,,,
37.000225,-86.366882,171.2,,,,
37.000225,-86.366882,171.2,,,,
37.000225,-86.366875,171.2,,,,
37.000225,-86.366875,171.2,,,,
37.000225,-86.366859,171.2,,,,
37.000225,-86.366859,171.2,,,,
37.000221,-86.366852,171.2,,,,
37.000221,-86.366852,171.2,,,,
37.000221,-86.366844,171.3,,,,
37.000221,-86.366844,171.3,,,,
37.000221,-86.366837,171.3,,,,
37.000221,-86.366837,171.3,,,,
37.000217,-86.366829,171.3,,,,
37.000217,-86.366829,171.3,,,,
37.000217,-86.366814,171.3,,,,
37.000217,-86.366814,171.3,,,,
37.000217,-86.366814,171.3,,,,
37.000217,-86.366814,171.3,,,,
37.000217,-86.366798,171.3,,,,
37.000217,-86.366798,171.3,,,,
37.000217,-86.366791,171.3,,,,
37.000217,-86.366791,171.3,,,,
37.000217,-86.366776,171.3,,,,
37.000217,-86.366776,171.3,,,,
37.000217,-86.366776,171.3,,,,
37.000217,-86.366776,171.3,,,,
37.000217,-86.36676,171.4,,,,
37.000217,-86.36676,171.4,,,,
37.000217,-86.366753,171.4,,,,
37.000217,-86.366753,171.4,,,,
37.000221,-86.366737,171.4,,,,
37.000221,-86.366737,171.4,,,,
37.000221,-86.366737,171.4,,,,
37.000221,-86.366737,171.4,,,,
37.000221,-86.36673,171.4,,,,
37.000221,-86.36673,171.4,,,,
37.000225,-86.366714,171.4,,,,
37.000225,-86.366714,171.4,,,,
37.000225,-86.366707,171.5,,,,
37.000225,-86.366707,171.5,,,,
37.000229,-86.366699,171.5,,,,
37.000229,-86.366699,171.5,,,,
37.000229,-86.366692,171.5,,,,
37.000229,-86.366692,171.5,,,,
37.000233,-86.366684,171.5,,,,
37.000233,-86.366684,171.5,,,,
37.000233,-86.366669,171.6,,,,
37.000233,-86.366669,171.6,,,,
37.000233,-86.366661,171.5,,,,
37.000233,-86.366661,171.5,,,,
37.000237,-86.366653,171.6,,,,
37.000237,-86.366653,171.6,,,,
37.00024,-86.366646,171.6,,,,
37.00024,-86.366646,171.6,,,,
37.000244,-86.366638,171.6,,,,
37.000244,-86.366638,171.6,,,,
37.000244,-86.366623,171.6,,,,
37.000244,-86.366623,171.6,,,,
37.000248,-86.366615,171.7,,,,
37.000248,-86.366615,171.7,,,,
37.000252,-86.366615,171.7,,,,
37.000252,-86.366615,171.7,,,,
37.000256,-86.3666,171.8,,,,
37.000256,-86.3666,171.8,,,,
37.000259,-86.366592,171.8,,,,
37.000259,-86.366592,171.8,,,,
37.000263,-86.366585,171.8,,,,
37.000263,-86.366585,171.8,,,,
37.000267,-86.366577,171.8,,,,
37.000267,-86.366577,171.8,,,,
37.000271,-86.36657,171.8,,,,
37.000271,-86.36657,171.8,,,,
37.000275,-86.366562,171.8,,,,
37.000275,-86.366562,171.8,,,,
37.000278,-86.366554,171.8,,,,
37.000278,-86.366554,171.8,,,,
37.000286,-86.366539,171.9,,,,
37.000286,-86.366539,171.9,,,,
37.00029,-86.366539,171.9,,,,
37.00029,-86.366539,171.9,,,,
37.000294,-86.366531,171.9,,,,
37.000294,-86.366531,171.9,,,,
37.000298,-86.366524,171.9,,,,
37.000298,-86.366524,171.9,,,,
37.000305,-86.366508,171.9,,,,
37.000305,-86.366508,171.9,,,,
37.000309,-86.366501,172,,,,
37.000309,-86.366501,172,,,,
37.000313,-86.366493,172,,,,
37.000313,-86.366493,172,,,,
37.00032,-86.366493,172,,,,
37.00032,-86.366493,172,,,,
37.000328,-86.366478,172,,,,
37.000328,-86.366478,172,,,,
37.000332,-86.36647,172,,,,
37.000332,-86.36647,172,,,,
37.000336,-86.366463,172,,,,
37.000336,-86.366463,172,,,,
37.000343,-86.366455,172,,,,
37.000343,-86.366455,172,,,,
37.000351,-86.366455,172,,,,
37.000351,-86.366455,172,,,,
37.000351,-86.36644,172,,,,
37.000351,-86.36644,172,,,,
37.000359,-86.366432,172,,,,
37.000359,-86.366432,172,,,,
37.000366,-86.366425,172,,,,
37.000366,-86.366425,172,,,,
37.00037,-86.366417,172,,,,
37.00037,-86.366417,172,,,,
37.000378,-86.366409,172,,,,
37.000378,-86.366409,172,,,,
37.000385,-86.366402,172,,,,
37.000385,-86.366402,172,,,,
37.000389,-86.366394,172,,,,
37.000389,-86.366394,172,,,,
37.000393,-86.366386,172,,,,
37.000393,-86.366386,172,,,,
37.000401,-86.366379,172,,,,
37.000401,-86.366379,172,,,,
37.000408,-86.366371,172,,,,
37.000408,-86.366371,172,,,,
37.000412,-86.366364,171.9,,,,
37.000412,-86.366364,171.9,,,,
37.00042,-86.366348,171.9,,,,
37.00042,-86.366348,171.9,,,,
37.000423,-86.366341,171.9,,,,
37.000423,-86.366341,171.9,,,,
37.000431,-86.366341,171.9,,,,
37.000431,-86.366341,171.9,,,,
37.000435,-86.366325,171.9,,,,
37.000435,-86.366325,171.9,,,,
37.000443,-86.366318,171.9,,,,
37.000443,-86.366318,171.9,,,,
37.000446,-86.366302,171.9,,,,
37.000446,-86.366302,171.9,,,,
37.00045,-86.366295,171.9,,,,
37.00045,-86.366295,171.9,,,,
37.000454,-86.366287,171.8,,,,
37.000454,-86.366287,171.8,,,,
37.000462,-86.36628,171.8,,,,
37.000462,-86.36628,171.8,,,,
37.000469,-86.366272,171.8,,,,
37.000469,-86.366272,171.8,,,,
37.000469,-86.366257,171.8,,,,
37.000469,-86.366257,171.8,,,,
37.000477,-86.366257,171.8,,,,
37.000477,-86.366257,171.8,,,,
37.000481,-86.366241,171.8,,,,
37.000481,-86.366241,171.8,,,,
37.000488,-86.366234,171.8,,,,
37.000488,-86.366234,171.8,,,,
37.000488,-86.366219,171.8,,,,
37.000488,-86.366219,171.8,,,,
37.000496,-86.366219,171.8,,,,
37.000496,-86.366219,171.8,,,,
37.0005,-86.366203,171.8,,,,
37.0005,-86.366203,171.8,,,,
37.000507,-86.366196,171.8,,,,
37.000507,-86.366196,171.8,,,,
37.000507,-86.366188,171.7,,,,
37.000507,-86.366188,171.7,,,,
37.000515,-86.36618,171.7,,,,
37.000515,-86.36618,171.7,,,,
37.000519,-86.366173,171.7,,,,
37.000519,-86.366173,171.7,,,,
37.000526,-86.366158,171.7,,,,
37.000526,-86.366158,171.7,,,,
37.00053,-86.36615,171.7,,,,
37.00053,-86.36615,171.7,,,,
37.00053,-86.366142,171.7,,,,
37.00053,-86.366142,171.7,,,,
37.000534,-86.366142,171.7,,,,
37.000534,-86.366142,171.7,,,,
37.000542,-86.366135,171.7,,,,
37.000542,-86.366135,171.7,,,,
37.000546,-86.366119,171.7,,,,
37.000546,-86.366119,171.7,,,,
37.000549,-86.366112,171.7,,,,
37.000549,-86.366112,171.7,,,,
37.000549,-86.366104,171.7,,,,
37.000549,-86.366104,171.7,,,,
37.000557,-86.366096,171.7,,,,
37.000557,-86.366096,171.7,,,,
37.000561,-86.366096,171.6,,,,
37.000561,-86.366096,171.6,,,,
37.000565,-86.366089,171.6,,,,
37.000565,-86.366089,171.6,,,,
37.000568,-86.366081,171.6,,,,
37.000568,-86.366081,171.6,,,,
37.000568,-86.366074,171.6,,,,
37.000568,-86.366074,171.6,,,,
37.000572,-86.366066,171.6,,,,
37.000572,-86.366066,171.6,,,,
37.000576,-86.366058,171.6,,,,
37.000576,-86.366058,171.6,,,,
37.00058,-86.366058,171.6,,,,
37.00058,-86.366058,171.6,,,,
37.000584,-86.366051,171.6,,,,
37.000584,-86.366051,171.6,,,,
37.000587,-86.366043,171.6,,,,
37.000587,-86.366043,171.6,,,,
37.000587,-86.366035,171.6,,,,
37.000587,-86.366035,171.6,,,,
37.000591,-86.366028,171.6,,,,
37.000591,-86.366028,171.6,,,,
37.000595,-86.36602,171.6,,,,
37.000595,-86.36602,171.6,,,,
37.000599,-86.36602,171.5,,,,
37.000599,-86.36602,171.5,,,,
37.000603,-86.366013,171.5,,,,
37.000603,-86.366013,171.5,,,,
37.000607,-86.366013,171.5,,,,
37.000607,-86.366013,171.5,,,,
37.000607,-86.366005,171.5,,,,
37.000607,-86.366005,171.5,,,,
37.00061,-86.365997,171.5,,,,
37.00061,-86.365997,171.5,,,,
37.000614,-86.36599,171.5,,,,
37.000614,-86.36599,171.5,,,,
37.000618,-86.365982,171.5,,,,
37.000618,-86.365982,171.5,,,,
37.000622,-86.365982,171.5,,,,
37.000622,-86.365982,171.5,,,,
37.000626,-86.365974,171.5,,,,
37.000626,-86.365974,171.5,,,,
37.000626,-86.365974,171.5,,,,
37.000626,-86.365974,171.5,,,,
37.000629,-86.365967,171.5,,,,
37.000629,-86.365967,171.5,,,,
37.000629,-86.365959,171.5,,,,
37.000629,-86.365959,171.5,,,,
37.000633,-86.365952,171.5,,,,
37.000633,-86.365952,171.5,,,,
37.000637,-86.365944,171.5,,,,
37.000637,-86.365944,171.5,,,,
37.000637,-86.365944,171.5,,,,
37.000637,-86.365944,171.5,,,,
37.000641,-86.365944,171.5,,,,
37.000641,-86.365944,171.5,,,,
37.000645,-86.365936,171.5,,,,
37.000645,-86.365936,171.5,,,,
37.000648,-86.365929,171.5,,,,
37.000648,-86.365929,171.5,,,,
37.000648,-86.365929,171.5,,,,
37.000648,-86.365929,171.5,,,,
37.000648,-86.365921,171.5,,,,
37.000648,-86.365921,171.5,,,,
37.000652,-86.365913,171.6,,,,
37.000652,-86.365913,171.6,,,,
37.000652,-86.365913,171.5,,,,
37.000652,-86.365913,171.5,,,,
37.000656,-86.365906,171.6,,,,
37.000656,-86.365906,171.6,,,,
37.00066,-86.365898,171.6,,,,
37.00066,-86.365898,171.6,,,,
37.00066,-86.365898,171.6,,,,
37.00066,-86.365898,171.6,,,,
37.000664,-86.365898,171.6,,,,
37.000664,-86.365898,171.6,,,,
37.000664,-86.36589,171.6,,,,
37.000664,-86.36589,171.6,,,,
37.000668,-86.36589,171.6,,,,
37.000668,-86.36589,171.6,,,,
37.000668,-86.365883,171.6,,,,
37.000668,-86.365883,171.6,,,,
37.000668,-86.365875,171.6,,,,
37.000668,-86.365875,171.6,,,,
37.000671,-86.365875,171.6,,,,
37.000671,-86.365875,171.6,,,,
37.000671,-86.365868,171.6,,,,
37.000671,-86.365868,171.6,,,,
37.000675,-86.36586,171.6,,,,
37.000675,-86.36586,171.6,,,,
37.000675,-86.36586,171.6,,,,
37.000675,-86.36586,171.6,,,,
37.000679,-86.36586,171.6,,,,
37.000679,-86.36586,171.6,,,,
37.000679,-86.365852,171.6,,,,
37.000679,-86.365852,171.6,,,,
37.000679,-86.365852,171.6,,,,
37.000679,-86.365852,171.6,,,,
37.000683,-86.365845,171.6,,,,
37.000683,-86.365845,171.6,,,,
37.000683,-86.365837,171.6,,,,
37.000683,-86.365837,171.6,,,,
37.000687,-86.365829,171.6,,,,
37.000687,-86.365829,171.6,,,,
37.000687,-86.365829,171.6,,,,
37.000687,-86.365829,171.6,,,,
37.000687,-86.365822,171.7,,,,
37.000687,-86.365822,171.7,,,,
37.000687,-86.365822,171.6,,,,
37.000687,-86.365822,171.6,,,,
37.000687,-86.365822,171.6,,,,
37.000687,-86.365822,171.6,,,,
37.00069,-86.365814,171.6,,,,
37.00069,-86.365814,171.6,,,,
37.00069,-86.365807,171.7,,,,
37.00069,-86.365807,171.7,,,,
37.00069,-86.365807,171.7,,,,
37.00069,-86.365807,171.7,,,,
37.000694,-86.365799,171.7,,,,
37.000694,-86.365799,171.7,,,,
37.000694,-86.365791,171.7,,,,
37.000694,-86.365791,171.7,,,,
37.000694,-86.365784,171.7,,,,
37.000694,-86.365784,171.7,,,,
37.000698,-86.365784,171.7,,,,
37.000698,-86.365784,171.7,,,,
37.000698,-86.365784,171.7,,,,
37.000698,-86.365784,171.7,,,,
37.000698,-86.365776,171.7,,,,
37.000698,-86.365776,171.7,,,,
37.000698,-86.365776,171.7,,,,
37.000698,-86.365776,171.7,,,,
37.000702,-86.365768,171.7,,,,
37.000702,-86.365768,171.7,,,,
37.000702,-86.365761,171.7,,,,
37.000702,-86.365761,171.7,,,,
37.000702,-86.365753,171.7,,,,
37.000702,-86.365753,171.7,,,,
37.000702,-86.365753,171.8,,,,
37.000702,-86.365753,171.8,,,,
37.000706,-86.365746,171.8,,,,
37.000706,-86.365746,171.8,,,,
37.000706,-86.365746,171.8,,,,
37.000706,-86.365746,171.8,,,,
37.000706,-86.365738,171.8,,,,
37.000706,-86.365738,171.8,,,,
37.000706,-86.365738,171.8,,,,
37.000706,-86.365738,171.8,,,,
37.000706,-86.36573,171.9,,,,
37.000706,-86.36573,171.9,,,,
37.00071,-86.365723,171.9,,,,
37.00071,-86.365723,171.9,,,,
37.00071,-86.365715,171.9,,,,
37.00071,-86.365715,171.9,,,,
37.00071,-86.365715,171.9,,,,
37.00071,-86.365715,171.9,,,,
37.00071,-86.365707,172,,,,
37.00071,-86.365707,172,,,,
37.00071,-86.3657,172,,,,
37.00071,-86.3657,172,,,,
37.00071,-86.3657,172,,,,
37.00071,-86.3657,172,,,,
37.00071,-86.3657,172,,,,
37.00071,-86.3657,172,,,,
37.00071,-86.365692,172.1,,,,
37.00071,-86.365692,172.1,,,,
37.00071,-86.365692,172.1,,,,
37.00071,-86.365692,172.1,,,,
37.000713,-86.365684,172.1,,,,
37.000713,-86.365684,172.1,,,,
37.000713,-86.365677,172.1,,,,
37.000713,-86.365677,172.1,,,,
37.000713,-86.365677,172.1,,,,
37.000713,-86.365677,172.1,,,,
37.000717,-86.365669,172.2,,,,
37.000717,-86.365669,172.2,,,,
37.000717,-86.365662,172.2,,,,
37.000717,-86.365662,172.2,,,,
37.000717,-86.365662,172.2,,,,
37.000717,-86.365662,172.2,,,,
37.000721,-86.365662,172.2,,,,
37.000721,-86.365662,172.2,,,,
37.000721,-86.365654,172.2,,,,
37.000721,-86.365654,172.2,,,,
37.000721,-86.365654,172.2,,,,
37.000721,-86.365654,172.2,,,,
37.000725,-86.365646,172.2,,,,
37.000725,-86.365646,172.2,,,,
37.000725,-86.365646,172.2,,,,
37.000725,-86.365646,172.2,,,,
37.000729,-86.365639,172.2,,,,
37.000729,-86.365639,172.2,,,,
37.000729,-86.365631,172.3,,,,
37.000729,-86.365631,172.3,,,,
37.000729,-86.365631,172.3,,,,
37.000729,-86.365631,172.3,,,,
37.000729,-86.365623,172.3,,,,
37.000729,-86.365623,172.3,,,,
37.000732,-86.365623,172.3,,,,
37.000732,-86.365623,172.3,,,,
37.000732,-86.365623,172.3,,,,
37.000732,-86.365623,172.3,,,,
37.000736,-86.365616,172.3,,,,
37.000736,-86.365616,172.3,,,,
37.000736,-86.365616,172.4,,,,
37.000736,-86.365616,172.4,,,,
37.00074,-86.365608,172.4,,,,
37.00074,-86.365608,172.4,,,,
37.000744,-86.365608,172.4,,,,
37.000744,-86.365608,172.4,,,,
37.000744,-86.365601,172.4,,,,
37.000744,-86.365601,172.4,,,,
37.000748,-86.365601,172.4,,,,
37.000748,-86.365601,172.4,,,,
37.000748,-86.365593,172.4,,,,
37.000748,-86.365593,172.4,,,,
37.000748,-86.365593,172.5,,,,
37.000748,-86.365593,172.5,,,,
37.000751,-86.365585,172.4,,,,
37.000751,-86.365585,172.4,,,,
37.000755,-86.365585,172.5,,,,
37.000755,-86.365585,172.5,,,,
37.000759,-86.365585,172.5,,,,
37.000759,-86.365585,172.5,,,,
37.000759,-86.365585,172.4,,,,
37.000759,-86.365585,172.4,,,,
37.000763,-86.365578,172.4,,,,
37.000763,-86.365578,172.4,,,,
37.000767,-86.365578,172.4,,,,
37.000767,-86.365578,172.4,,,,
37.000767,-86.36557,172.6,,,,
37.000767,-86.36557,172.6,,,,
37.000771,-86.36557,172.5,,,,
37.000771,-86.36557,172.5,,,,
37.000774,-86.365562,172.5,,,,
37.000774,-86.365562,172.5,,,,
37.000778,-86.365562,172.6,,,,
37.000778,-86.365562,172.6,,,,
37.000782,-86.365562,172.6,,,,
37.000782,-86.365562,172.6,,,,
37.000786,-86.365555,172.5,,,,
37.000786,-86.365555,172.5,,,,
37.000786,-86.365555,172.5,,,,
37.000786,-86.365555,172.5,,,,
37.00079,-86.365555,172.5,,,,
37.00079,-86.365555,172.5,,,,
37.000793,-86.365547,172.5,,,,
37.000793,-86.365547,172.5,,,,
37.000797,-86.365547,172.5,,,,
37.000797,-86.365547,172.5,,,,
37.000801,-86.365547,172.5,,,,
37.000801,-86.365547,172.5,,,,
37.000805,-86.365547,172.5,,,,
37.000805,-86.365547,172.5,,,,
37.000809,-86.365547,172.5,,,,
37.000809,-86.365547,172.5,,,,
37.000809,-86.365547,172.5,,,,
37.000809,-86.365547,172.5,,,,
37.000813,-86.36554,172.5,,,,
37.000813,-86.36554,172.5,,,,
37.00082,-86.36554,172.5,,,,
37.00082,-86.36554,172.5,,,,
37.000824,-86.36554,172.6,,,,
37.000824,-86.36554,172.6,,,,
37.000828,-86.36554,172.6,,,,
37.000828,-86.36554,172.6,,,,
37.000828,-86.365532,172.6,,,,
37.000828,-86.365532,172.6,,,,
37.000832,-86.365532,172.6,,,,
37.000832,-86.365532,172.6,,,,
37.000835,-86.365532,172.6,,,,
37.000835,-86.365532,172.6,,,,
37.000843,-86.365532,172.6,,,,
37.000843,-86.365532,172.6,,,,
37.000847,-86.365524,172.6,,,,
37.000847,-86.365524,172.6,,,,
37.000847,-86.365524,172.6,,,,
37.000847,-86.365524,172.6,,,,
37.000851,-86.365524,172.5,,,,
37.000851,-86.365524,172.5,,,,
37.000858,-86.365524,172.5,,,,
37.000858,-86.365524,172.5,,,,
37.000862,-86.365524,172.5,,,,
37.000862,-86.365524,172.5,,,,
37.000866,-86.365517,172.6,,,,
37.000866,-86.365517,172.6,,,,
37.00087,-86.365517,172.6,,,,
37.00087,-86.365517,172.6,,,,
37.000874,-86.365517,172.5,,,,
37.000874,-86.365517,172.5,,,,
37.000877,-86.365517,172.6,,,,
37.000877,-86.365517,172.6,,,,
37.000885,-86.365517,172.5,,,,
37.000885,-86.365517,172.5,,,,
37.000885,-86.365517,172.6,,,,
37.000885,-86.365517,172.6,,,,
37.000889,-86.365509,172.5,,,,
37.000889,-86.365509,172.5,,,,
37.000893,-86.365509,172.5,,,,
37.000893,-86.365509,172.5,,,,
37.0009,-86.365509,172.5,,,,
37.0009,-86.365509,172.5,,,,
37.000904,-86.365509,172.5,,,,
37.000904,-86.365509,172.5,,,,
37.000908,-86.365509,172.5,,,,
37.000908,-86.365509,172.5,,,,
37.000912,-86.365501,172.5,,,,
37.000912,-86.365501,172.5,,,,
37.000916,-86.365501,172.5,,,,
37.000916,-86.365501,172.5,,,,
37.000919,-86.365501,172.5,,,,
37.000919,-86.365501,172.5,,,,
37.000927,-86.365501,172.5,,,,
37.000927,-86.365501,172.5,,,,
37.000927,-86.365501,172.5,,,,
37.000927,-86.365501,172.5,,,,
37.000931,-86.365501,172.5,,,,
37.000931,-86.365501,172.5,,,,
37.000938,-86.365501,172.5,,,,
37.000938,-86.365501,172.5,,,,
37.000942,-86.365501,172.5,,,,
37.000942,-86.365501,172.5,,,,
37.000946,-86.365501,172.5,,,,
37.000946,-86.365501,172.5,,,,
37.00095,-86.365501,172.5,,,,
37.00095,-86.365501,172.5,,,,
37.000954,-86.365494,172.5,,,,
37.000954,-86.365494,172.5,,,,
37.000961,-86.365494,172.5,,,,
37.000961,-86.365494,172.5,,,,
37.000965,-86.365494,172.5,,,,
37.000965,-86.365494,172.5,,,,
37.000969,-86.365494,172.6,,,,
37.000969,-86.365494,172.6,,,,
37.000973,-86.365486,172.6,,,,
37.000973,-86.365486,172.6,,,,
37.00098,-86.365486,172.6,,,,
37.00098,-86.365486,172.6,,,,
37.000984,-86.365486,172.6,,,,
37.000984,-86.365486,172.6,,,,
37.000988,-86.365486,172.6,,,,
37.000988,-86.365486,172.6,,,,
37.000992,-86.365478,172.6,,,,
37.000992,-86.365478,172.6,,,,
37.000999,-86.365478,172.6,,,,
37.000999,-86.365478,172.6,,,,
37.001003,-86.365478,172.6,,,,
37.001003,-86.365478,172.6,,,,
37.001007,-86.365478,172.6,,,,
37.001007,-86.365478,172.6,,,,
37.001011,-86.365471,172.6,,,,
37.001011,-86.365471,172.6,,,,
37.001015,-86.365471,172.6,,,,
37.001015,-86.365471,172.6,,,,
37.001019,-86.365471,172.6,,,,
37.001019,-86.365471,172.6,,,,
37.001026,-86.365463,172.6,,,,
37.001026,-86.365463,172.6,,,,
37.001026,-86.365463,172.6,,,,
37.001026,-86.365463,172.6,,,,
37.00103,-86.365463,172.6,,,,
37.00103,-86.365463,172.6,,,,
37.001034,-86.365463,172.6,,,,
37.001034,-86.365463,172.6,,,,
37.001038,-86.365463,172.6,,,,
37.001038,-86.365463,172.6,,,,
37.001041,-86.365463,172.5,,,,
37.001041,-86.365463,172.5,,,,
37.001045,-86.365463,172.5,,,,
37.001045,-86.365463,172.5,,,,
37.001045,-86.365463,172.5,,,,
37.001045,-86.365463,172.5,,,,
37.001053,-86.365463,172.5,,,,
37.001053,-86.365463,172.5,,,,
37.001057,-86.365456,172.4,,,,
37.001057,-86.365456,172.4,,,,
37.00106,-86.365456,172.4,,,,
37.00106,-86.365456,172.4,,,,
37.001064,-86.365456,172.4,,,,
37.001064,-86.365456,172.4,,,,
37.001064,-86.365456,172.4,,,,
37.001064,-86.365456,172.4,,,,
37.001068,-86.365448,172.3,,,,
37.001068,-86.365448,172.3,,,,
37.001068,-86.365448,172.3,,,,
37.001068,-86.365448,172.3,,,,
37.001072,-86.365448,172.3,,,,
37.001072,-86.365448,172.3,,,,
37.001076,-86.365448,172.3,,,,
37.001076,-86.365448,172.3,,,,
37.00108,-86.365448,172.2,,,,
37.00108,-86.365448,172.2,,,,
37.001083,-86.36544,172.2,,,,
37.001083,-86.36544,172.2,,,,
37.001083,-86.36544,172.2,,,,
37.001083,-86.36544,172.2,,,,
37.001087,-86.36544,172.2,,,,
37.001087,-86.36544,172.2,,,,
37.001091,-86.36544,172.2,,,,
37.001091,-86.36544,172.2,,,,
37.001091,-86.36544,172.2,,,,
37.001091,-86.36544,172.2,,,,
37.001095,-86.365433,172.1,,,,
37.001095,-86.365433,172.1,,,,
37.001099,-86.365433,172.1,,,,
37.001099,-86.365433,172.1,,,,
37.001102,-86.365433,172.1,,,,
37.001102,-86.365433,172.1,,,,
37.001106,-86.365433,172.1,,,,
37.001106,-86.365433,172.1,,,,
37.001106,-86.365433,172.1,,,,
37.001106,-86.365433,172.1,,,,
37.001106,-86.365425,172.1,,,,
37.001106,-86.365425,172.1,,,,
37.00111,-86.365425,172.1,,,,
37.00111,-86.365425,172.1,,,,
37.001114,-86.365425,172.1,,,,
37.001114,-86.365425,172.1,,,,
0,0,0,,,,
